--------------------------------------------------------
--  File created - Monday-May-04-2015   
--------------------------------------------------------
--------------------------------------------------------
--  DDL for Table AUTH
--------------------------------------------------------

  CREATE TABLE "CHIRAG"."AUTH" 
   (	"USER_ID" VARCHAR2(20 BYTE), 
	"TID" VARCHAR2(20 BYTE), 
	"PASSWORD" VARCHAR2(20 BYTE), 
	"ROLE" VARCHAR2(20 BYTE)
   ) SEGMENT CREATION IMMEDIATE 
  PCTFREE 10 PCTUSED 40 INITRANS 1 MAXTRANS 255 NOCOMPRESS LOGGING
  STORAGE(INITIAL 65536 NEXT 1048576 MINEXTENTS 1 MAXEXTENTS 2147483645
  PCTINCREASE 0 FREELISTS 1 FREELIST GROUPS 1 BUFFER_POOL DEFAULT FLASH_CACHE DEFAULT CELL_FLASH_CACHE DEFAULT)
  TABLESPACE "SYSTEM" ;
--------------------------------------------------------
--  DDL for Table DAY
--------------------------------------------------------

  CREATE TABLE "CHIRAG"."DAY" 
   (	"DAY_ID" NUMBER(*,0), 
	"DAY_NAME" VARCHAR2(20 BYTE)
   ) SEGMENT CREATION IMMEDIATE 
  PCTFREE 10 PCTUSED 40 INITRANS 1 MAXTRANS 255 NOCOMPRESS LOGGING
  STORAGE(INITIAL 65536 NEXT 1048576 MINEXTENTS 1 MAXEXTENTS 2147483645
  PCTINCREASE 0 FREELISTS 1 FREELIST GROUPS 1 BUFFER_POOL DEFAULT FLASH_CACHE DEFAULT CELL_FLASH_CACHE DEFAULT)
  TABLESPACE "SYSTEM" ;
--------------------------------------------------------
--  DDL for Table LTP
--------------------------------------------------------

  CREATE TABLE "CHIRAG"."LTP" 
   (	"ID" NUMBER(*,0), 
	"NAME" VARCHAR2(20 BYTE)
   ) SEGMENT CREATION IMMEDIATE 
  PCTFREE 10 PCTUSED 40 INITRANS 1 MAXTRANS 255 NOCOMPRESS LOGGING
  STORAGE(INITIAL 65536 NEXT 1048576 MINEXTENTS 1 MAXEXTENTS 2147483645
  PCTINCREASE 0 FREELISTS 1 FREELIST GROUPS 1 BUFFER_POOL DEFAULT FLASH_CACHE DEFAULT CELL_FLASH_CACHE DEFAULT)
  TABLESPACE "SYSTEM" ;
--------------------------------------------------------
--  DDL for Table MASTER
--------------------------------------------------------

  CREATE TABLE "CHIRAG"."MASTER" 
   (	"KEY" TIMESTAMP (6), 
	"TID" VARCHAR2(20 BYTE), 
	"RID" NUMBER(*,0), 
	"DID" NUMBER(*,0), 
	"TIME_ID" NUMBER(*,0), 
	"SUB_ID" VARCHAR2(20 BYTE), 
	"GROUP_ID" NUMBER(*,0), 
	"LTP" NUMBER(*,0)
   ) SEGMENT CREATION IMMEDIATE 
  PCTFREE 10 PCTUSED 40 INITRANS 1 MAXTRANS 255 NOCOMPRESS LOGGING
  STORAGE(INITIAL 65536 NEXT 1048576 MINEXTENTS 1 MAXEXTENTS 2147483645
  PCTINCREASE 0 FREELISTS 1 FREELIST GROUPS 1 BUFFER_POOL DEFAULT FLASH_CACHE DEFAULT CELL_FLASH_CACHE DEFAULT)
  TABLESPACE "SYSTEM" ;
--------------------------------------------------------
--  DDL for Table ROOM
--------------------------------------------------------

  CREATE TABLE "CHIRAG"."ROOM" 
   (	"ROOM_ID" NUMBER(*,0), 
	"ROOM_NO" VARCHAR2(20 BYTE)
   ) SEGMENT CREATION IMMEDIATE 
  PCTFREE 10 PCTUSED 40 INITRANS 1 MAXTRANS 255 NOCOMPRESS LOGGING
  STORAGE(INITIAL 65536 NEXT 1048576 MINEXTENTS 1 MAXEXTENTS 2147483645
  PCTINCREASE 0 FREELISTS 1 FREELIST GROUPS 1 BUFFER_POOL DEFAULT FLASH_CACHE DEFAULT CELL_FLASH_CACHE DEFAULT)
  TABLESPACE "SYSTEM" ;
--------------------------------------------------------
--  DDL for Table SUBJECT_INFO
--------------------------------------------------------

  CREATE TABLE "CHIRAG"."SUBJECT_INFO" 
   (	"SUBJECT_ID" VARCHAR2(20 BYTE), 
	"SUBJECT_NAME" VARCHAR2(120 BYTE), 
	"L_CR" NUMBER(*,0), 
	"T_CR" NUMBER(*,0), 
	"P_CR" NUMBER(*,0), 
	"DEGREE" VARCHAR2(20 BYTE), 
	"YEAR" NUMBER(*,0)
   ) SEGMENT CREATION IMMEDIATE 
  PCTFREE 10 PCTUSED 40 INITRANS 1 MAXTRANS 255 NOCOMPRESS LOGGING
  STORAGE(INITIAL 65536 NEXT 1048576 MINEXTENTS 1 MAXEXTENTS 2147483645
  PCTINCREASE 0 FREELISTS 1 FREELIST GROUPS 1 BUFFER_POOL DEFAULT FLASH_CACHE DEFAULT CELL_FLASH_CACHE DEFAULT)
  TABLESPACE "SYSTEM" ;
--------------------------------------------------------
--  DDL for Table TEACHER_RECORD
--------------------------------------------------------

  CREATE TABLE "CHIRAG"."TEACHER_RECORD" 
   (	"ID" VARCHAR2(20 BYTE), 
	"NAME" VARCHAR2(120 BYTE)
   ) SEGMENT CREATION IMMEDIATE 
  PCTFREE 10 PCTUSED 40 INITRANS 1 MAXTRANS 255 NOCOMPRESS LOGGING
  STORAGE(INITIAL 65536 NEXT 1048576 MINEXTENTS 1 MAXEXTENTS 2147483645
  PCTINCREASE 0 FREELISTS 1 FREELIST GROUPS 1 BUFFER_POOL DEFAULT FLASH_CACHE DEFAULT CELL_FLASH_CACHE DEFAULT)
  TABLESPACE "SYSTEM" ;
--------------------------------------------------------
--  DDL for Table TIMESLOTS
--------------------------------------------------------

  CREATE TABLE "CHIRAG"."TIMESLOTS" 
   (	"TIME_ID" NUMBER(*,0), 
	"START_TIME" VARCHAR2(20 BYTE), 
	"END_TIME" VARCHAR2(20 BYTE)
   ) SEGMENT CREATION IMMEDIATE 
  PCTFREE 10 PCTUSED 40 INITRANS 1 MAXTRANS 255 NOCOMPRESS LOGGING
  STORAGE(INITIAL 65536 NEXT 1048576 MINEXTENTS 1 MAXEXTENTS 2147483645
  PCTINCREASE 0 FREELISTS 1 FREELIST GROUPS 1 BUFFER_POOL DEFAULT FLASH_CACHE DEFAULT CELL_FLASH_CACHE DEFAULT)
  TABLESPACE "SYSTEM" ;
--------------------------------------------------------
--  DDL for Table TUTGROUPS
--------------------------------------------------------

  CREATE TABLE "CHIRAG"."TUTGROUPS" 
   (	"GROUPID" NUMBER(*,0), 
	"PREFIX" VARCHAR2(20 BYTE), 
	"NUM" NUMBER(*,0)
   ) SEGMENT CREATION IMMEDIATE 
  PCTFREE 10 PCTUSED 40 INITRANS 1 MAXTRANS 255 NOCOMPRESS LOGGING
  STORAGE(INITIAL 65536 NEXT 1048576 MINEXTENTS 1 MAXEXTENTS 2147483645
  PCTINCREASE 0 FREELISTS 1 FREELIST GROUPS 1 BUFFER_POOL DEFAULT FLASH_CACHE DEFAULT CELL_FLASH_CACHE DEFAULT)
  TABLESPACE "SYSTEM" ;
--------------------------------------------------------
--  DDL for View UNIQUE_MASTER
--------------------------------------------------------

  CREATE OR REPLACE FORCE VIEW "CHIRAG"."UNIQUE_MASTER" ("DID", "LTP", "RID", "SUB_ID", "TID", "TIME_ID") AS 
  SELECT DID,LTP,RID,SUB_ID,TID,TIME_ID FROM MASTER 
GROUP BY DID,LTP,RID,SUB_ID,TID,TIME_ID;
REM INSERTING into CHIRAG.AUTH
SET DEFINE OFF;
Insert into CHIRAG.AUTH (USER_ID,TID,PASSWORD,ROLE) values ('testadmin','RIR','test','admin');
Insert into CHIRAG.AUTH (USER_ID,TID,PASSWORD,ROLE) values ('testuser','NRJ','test','user');
REM INSERTING into CHIRAG.DAY
SET DEFINE OFF;
Insert into CHIRAG.DAY (DAY_ID,DAY_NAME) values (1,'MONDAY');
Insert into CHIRAG.DAY (DAY_ID,DAY_NAME) values (2,'TUESDAY');
Insert into CHIRAG.DAY (DAY_ID,DAY_NAME) values (3,'WEDNESDAY');
Insert into CHIRAG.DAY (DAY_ID,DAY_NAME) values (4,'THURSDAY');
Insert into CHIRAG.DAY (DAY_ID,DAY_NAME) values (5,'FRIDAY');
Insert into CHIRAG.DAY (DAY_ID,DAY_NAME) values (6,'SATURDAY');
Insert into CHIRAG.DAY (DAY_ID,DAY_NAME) values (7,'SUNDAY');
REM INSERTING into CHIRAG.LTP
SET DEFINE OFF;
Insert into CHIRAG.LTP (ID,NAME) values (1,'LECTURE');
Insert into CHIRAG.LTP (ID,NAME) values (2,'TUTORIAL');
Insert into CHIRAG.LTP (ID,NAME) values (3,'PRACTICAL');
REM INSERTING into CHIRAG.MASTER
SET DEFINE OFF;
Insert into CHIRAG.MASTER (KEY,TID,RID,DID,TIME_ID,SUB_ID,GROUP_ID,LTP) values (to_timestamp('23-04-15 10:17:31.006000000 PM','DD-MM-RR HH12:MI:SSXFF AM'),'SB',60,3,18,'UCS602',5,3);
Insert into CHIRAG.MASTER (KEY,TID,RID,DID,TIME_ID,SUB_ID,GROUP_ID,LTP) values (to_timestamp('23-04-15 10:20:24.665000000 PM','DD-MM-RR HH12:MI:SSXFF AM'),'MAN',61,2,18,'UTA003',4,3);
Insert into CHIRAG.MASTER (KEY,TID,RID,DID,TIME_ID,SUB_ID,GROUP_ID,LTP) values (to_timestamp('23-04-15 10:20:24.669000000 PM','DD-MM-RR HH12:MI:SSXFF AM'),'MAN',61,2,18,'UTA003',6,3);
Insert into CHIRAG.MASTER (KEY,TID,RID,DID,TIME_ID,SUB_ID,GROUP_ID,LTP) values (to_timestamp('23-04-15 10:20:24.673000000 PM','DD-MM-RR HH12:MI:SSXFF AM'),'MAN',61,2,18,'UTA003',5,3);
Insert into CHIRAG.MASTER (KEY,TID,RID,DID,TIME_ID,SUB_ID,GROUP_ID,LTP) values (to_timestamp('23-04-15 10:24:30.134000000 PM','DD-MM-RR HH12:MI:SSXFF AM'),'IC',65,1,16,'UCS602',3,3);
Insert into CHIRAG.MASTER (KEY,TID,RID,DID,TIME_ID,SUB_ID,GROUP_ID,LTP) values (to_timestamp('23-04-15 10:25:16.173000000 PM','DD-MM-RR HH12:MI:SSXFF AM'),'IC',63,4,14,'UCS602',9,3);
Insert into CHIRAG.MASTER (KEY,TID,RID,DID,TIME_ID,SUB_ID,GROUP_ID,LTP) values (to_timestamp('23-04-15 10:28:18.754000000 PM','DD-MM-RR HH12:MI:SSXFF AM'),'VPS',64,1,11,'UCS404',4,3);
Insert into CHIRAG.MASTER (KEY,TID,RID,DID,TIME_ID,SUB_ID,GROUP_ID,LTP) values (to_timestamp('23-04-15 10:29:22.346000000 PM','DD-MM-RR HH12:MI:SSXFF AM'),'VPS',66,1,18,'UCS404',7,3);
Insert into CHIRAG.MASTER (KEY,TID,RID,DID,TIME_ID,SUB_ID,GROUP_ID,LTP) values (to_timestamp('23-04-15 10:30:11.221000000 PM','DD-MM-RR HH12:MI:SSXFF AM'),'VPS',63,4,12,'UCS404',2,3);
Insert into CHIRAG.MASTER (KEY,TID,RID,DID,TIME_ID,SUB_ID,GROUP_ID,LTP) values (to_timestamp('23-04-15 10:08:16.924000000 PM','DD-MM-RR HH12:MI:SSXFF AM'),'SB',60,1,16,'UCS602',4,3);
Insert into CHIRAG.MASTER (KEY,TID,RID,DID,TIME_ID,SUB_ID,GROUP_ID,LTP) values (to_timestamp('23-04-15 10:17:05.917000000 PM','DD-MM-RR HH12:MI:SSXFF AM'),'SB',60,2,18,'UCS602',1,3);
Insert into CHIRAG.MASTER (KEY,TID,RID,DID,TIME_ID,SUB_ID,GROUP_ID,LTP) values (to_timestamp('23-04-15 11:35:42.312000000 PM','DD-MM-RR HH12:MI:SSXFF AM'),'RIR',49,1,4,'UCS803',2,1);
Insert into CHIRAG.MASTER (KEY,TID,RID,DID,TIME_ID,SUB_ID,GROUP_ID,LTP) values (to_timestamp('23-04-15 11:35:43.048000000 PM','DD-MM-RR HH12:MI:SSXFF AM'),'RIR',49,1,4,'UCS803',3,1);
Insert into CHIRAG.MASTER (KEY,TID,RID,DID,TIME_ID,SUB_ID,GROUP_ID,LTP) values (to_timestamp('23-04-15 11:35:44.324000000 PM','DD-MM-RR HH12:MI:SSXFF AM'),'RIR',49,1,4,'UCS803',4,1);
Insert into CHIRAG.MASTER (KEY,TID,RID,DID,TIME_ID,SUB_ID,GROUP_ID,LTP) values (to_timestamp('23-04-15 11:35:45.572000000 PM','DD-MM-RR HH12:MI:SSXFF AM'),'RIR',49,1,4,'UCS803',5,1);
Insert into CHIRAG.MASTER (KEY,TID,RID,DID,TIME_ID,SUB_ID,GROUP_ID,LTP) values (to_timestamp('23-04-15 11:35:46.688000000 PM','DD-MM-RR HH12:MI:SSXFF AM'),'RIR',49,1,4,'UCS803',6,1);
Insert into CHIRAG.MASTER (KEY,TID,RID,DID,TIME_ID,SUB_ID,GROUP_ID,LTP) values (to_timestamp('23-04-15 11:35:47.548000000 PM','DD-MM-RR HH12:MI:SSXFF AM'),'RIR',49,1,4,'UCS803',7,1);
Insert into CHIRAG.MASTER (KEY,TID,RID,DID,TIME_ID,SUB_ID,GROUP_ID,LTP) values (to_timestamp('23-04-15 11:35:48.212000000 PM','DD-MM-RR HH12:MI:SSXFF AM'),'RIR',49,1,4,'UCS803',8,1);
Insert into CHIRAG.MASTER (KEY,TID,RID,DID,TIME_ID,SUB_ID,GROUP_ID,LTP) values (to_timestamp('23-04-15 11:35:40.648000000 PM','DD-MM-RR HH12:MI:SSXFF AM'),'RIR',49,1,4,'UCS803',1,1);
Insert into CHIRAG.MASTER (KEY,TID,RID,DID,TIME_ID,SUB_ID,GROUP_ID,LTP) values (to_timestamp('23-04-15 11:35:41.608000000 PM','DD-MM-RR HH12:MI:SSXFF AM'),'RIR',49,1,4,'UCS803',9,1);
Insert into CHIRAG.MASTER (KEY,TID,RID,DID,TIME_ID,SUB_ID,GROUP_ID,LTP) values (to_timestamp('23-04-15 11:39:46.137000000 PM','DD-MM-RR HH12:MI:SSXFF AM'),'RIR',49,2,4,'UCS803',2,1);
Insert into CHIRAG.MASTER (KEY,TID,RID,DID,TIME_ID,SUB_ID,GROUP_ID,LTP) values (to_timestamp('23-04-15 11:39:46.141000000 PM','DD-MM-RR HH12:MI:SSXFF AM'),'RIR',49,2,4,'UCS803',3,1);
Insert into CHIRAG.MASTER (KEY,TID,RID,DID,TIME_ID,SUB_ID,GROUP_ID,LTP) values (to_timestamp('23-04-15 11:39:46.145000000 PM','DD-MM-RR HH12:MI:SSXFF AM'),'RIR',49,2,4,'UCS803',4,1);
Insert into CHIRAG.MASTER (KEY,TID,RID,DID,TIME_ID,SUB_ID,GROUP_ID,LTP) values (to_timestamp('23-04-15 11:39:46.149000000 PM','DD-MM-RR HH12:MI:SSXFF AM'),'RIR',49,2,4,'UCS803',5,1);
Insert into CHIRAG.MASTER (KEY,TID,RID,DID,TIME_ID,SUB_ID,GROUP_ID,LTP) values (to_timestamp('23-04-15 11:39:46.153000000 PM','DD-MM-RR HH12:MI:SSXFF AM'),'RIR',49,2,4,'UCS803',6,1);
Insert into CHIRAG.MASTER (KEY,TID,RID,DID,TIME_ID,SUB_ID,GROUP_ID,LTP) values (to_timestamp('23-04-15 11:39:46.157000000 PM','DD-MM-RR HH12:MI:SSXFF AM'),'RIR',49,2,4,'UCS803',7,1);
Insert into CHIRAG.MASTER (KEY,TID,RID,DID,TIME_ID,SUB_ID,GROUP_ID,LTP) values (to_timestamp('23-04-15 11:39:46.161000000 PM','DD-MM-RR HH12:MI:SSXFF AM'),'RIR',49,2,4,'UCS803',8,1);
Insert into CHIRAG.MASTER (KEY,TID,RID,DID,TIME_ID,SUB_ID,GROUP_ID,LTP) values (to_timestamp('23-04-15 11:39:46.125000000 PM','DD-MM-RR HH12:MI:SSXFF AM'),'RIR',49,2,4,'UCS803',1,1);
Insert into CHIRAG.MASTER (KEY,TID,RID,DID,TIME_ID,SUB_ID,GROUP_ID,LTP) values (to_timestamp('23-04-15 11:39:46.129000000 PM','DD-MM-RR HH12:MI:SSXFF AM'),'RIR',49,2,4,'UCS803',9,1);
Insert into CHIRAG.MASTER (KEY,TID,RID,DID,TIME_ID,SUB_ID,GROUP_ID,LTP) values (to_timestamp('23-04-15 11:47:34.211000000 PM','DD-MM-RR HH12:MI:SSXFF AM'),'RIR',49,3,6,'UCS803',2,2);
Insert into CHIRAG.MASTER (KEY,TID,RID,DID,TIME_ID,SUB_ID,GROUP_ID,LTP) values (to_timestamp('23-04-15 11:47:35.651000000 PM','DD-MM-RR HH12:MI:SSXFF AM'),'RIR',49,3,6,'UCS803',3,2);
Insert into CHIRAG.MASTER (KEY,TID,RID,DID,TIME_ID,SUB_ID,GROUP_ID,LTP) values (to_timestamp('23-04-15 11:47:37.504000000 PM','DD-MM-RR HH12:MI:SSXFF AM'),'RIR',49,3,6,'UCS803',4,2);
Insert into CHIRAG.MASTER (KEY,TID,RID,DID,TIME_ID,SUB_ID,GROUP_ID,LTP) values (to_timestamp('23-04-15 11:47:39.272000000 PM','DD-MM-RR HH12:MI:SSXFF AM'),'RIR',49,3,6,'UCS803',5,2);
Insert into CHIRAG.MASTER (KEY,TID,RID,DID,TIME_ID,SUB_ID,GROUP_ID,LTP) values (to_timestamp('23-04-15 11:47:40.932000000 PM','DD-MM-RR HH12:MI:SSXFF AM'),'RIR',49,3,6,'UCS803',6,2);
Insert into CHIRAG.MASTER (KEY,TID,RID,DID,TIME_ID,SUB_ID,GROUP_ID,LTP) values (to_timestamp('23-04-15 11:47:42.564000000 PM','DD-MM-RR HH12:MI:SSXFF AM'),'RIR',49,3,6,'UCS803',7,2);
Insert into CHIRAG.MASTER (KEY,TID,RID,DID,TIME_ID,SUB_ID,GROUP_ID,LTP) values (to_timestamp('23-04-15 11:47:31.239000000 PM','DD-MM-RR HH12:MI:SSXFF AM'),'RIR',49,3,6,'UCS803',1,2);
Insert into CHIRAG.MASTER (KEY,TID,RID,DID,TIME_ID,SUB_ID,GROUP_ID,LTP) values (to_timestamp('23-04-15 11:47:32.379000000 PM','DD-MM-RR HH12:MI:SSXFF AM'),'RIR',49,3,6,'UCS803',9,2);
Insert into CHIRAG.MASTER (KEY,TID,RID,DID,TIME_ID,SUB_ID,GROUP_ID,LTP) values (to_timestamp('23-04-15 11:47:44.644000000 PM','DD-MM-RR HH12:MI:SSXFF AM'),'RIR',49,3,6,'UCS803',8,2);
Insert into CHIRAG.MASTER (KEY,TID,RID,DID,TIME_ID,SUB_ID,GROUP_ID,LTP) values (to_timestamp('24-04-15 12:02:50.376000000 AM','DD-MM-RR HH12:MI:SSXFF AM'),'RIR',49,4,5,'UCS803',2,1);
Insert into CHIRAG.MASTER (KEY,TID,RID,DID,TIME_ID,SUB_ID,GROUP_ID,LTP) values (to_timestamp('24-04-15 12:02:50.472000000 AM','DD-MM-RR HH12:MI:SSXFF AM'),'RIR',49,4,5,'UCS803',3,1);
Insert into CHIRAG.MASTER (KEY,TID,RID,DID,TIME_ID,SUB_ID,GROUP_ID,LTP) values (to_timestamp('24-04-15 12:02:50.560000000 AM','DD-MM-RR HH12:MI:SSXFF AM'),'RIR',49,4,5,'UCS803',4,1);
Insert into CHIRAG.MASTER (KEY,TID,RID,DID,TIME_ID,SUB_ID,GROUP_ID,LTP) values (to_timestamp('24-04-15 12:02:50.636000000 AM','DD-MM-RR HH12:MI:SSXFF AM'),'RIR',49,4,5,'UCS803',5,1);
Insert into CHIRAG.MASTER (KEY,TID,RID,DID,TIME_ID,SUB_ID,GROUP_ID,LTP) values (to_timestamp('24-04-15 12:02:50.712000000 AM','DD-MM-RR HH12:MI:SSXFF AM'),'RIR',49,4,5,'UCS803',6,1);
Insert into CHIRAG.MASTER (KEY,TID,RID,DID,TIME_ID,SUB_ID,GROUP_ID,LTP) values (to_timestamp('24-04-15 12:02:50.800000000 AM','DD-MM-RR HH12:MI:SSXFF AM'),'RIR',49,4,5,'UCS803',7,1);
Insert into CHIRAG.MASTER (KEY,TID,RID,DID,TIME_ID,SUB_ID,GROUP_ID,LTP) values (to_timestamp('24-04-15 12:02:50.872000000 AM','DD-MM-RR HH12:MI:SSXFF AM'),'RIR',49,4,5,'UCS803',8,1);
Insert into CHIRAG.MASTER (KEY,TID,RID,DID,TIME_ID,SUB_ID,GROUP_ID,LTP) values (to_timestamp('24-04-15 11:50:19.559000000 AM','DD-MM-RR HH12:MI:SSXFF AM'),'NRJ',61,1,16,'UTA003',4,3);
Insert into CHIRAG.MASTER (KEY,TID,RID,DID,TIME_ID,SUB_ID,GROUP_ID,LTP) values (to_timestamp('24-04-15 12:02:50.176000000 AM','DD-MM-RR HH12:MI:SSXFF AM'),'RIR',49,4,5,'UCS803',1,1);
Insert into CHIRAG.MASTER (KEY,TID,RID,DID,TIME_ID,SUB_ID,GROUP_ID,LTP) values (to_timestamp('24-04-15 12:02:50.260000000 AM','DD-MM-RR HH12:MI:SSXFF AM'),'RIR',49,4,5,'UCS803',9,1);
Insert into CHIRAG.MASTER (KEY,TID,RID,DID,TIME_ID,SUB_ID,GROUP_ID,LTP) values (to_timestamp('24-04-15 11:51:13.021000000 AM','DD-MM-RR HH12:MI:SSXFF AM'),'NRJ',64,5,11,'UTA003',1,3);
Insert into CHIRAG.MASTER (KEY,TID,RID,DID,TIME_ID,SUB_ID,GROUP_ID,LTP) values (to_timestamp('24-04-15 11:53:21.447000000 AM','DD-MM-RR HH12:MI:SSXFF AM'),'SHB',32,1,1,'UCS601',1,1);
Insert into CHIRAG.MASTER (KEY,TID,RID,DID,TIME_ID,SUB_ID,GROUP_ID,LTP) values (to_timestamp('24-04-15 11:53:21.530000000 AM','DD-MM-RR HH12:MI:SSXFF AM'),'SHB',32,1,1,'UCS601',3,1);
Insert into CHIRAG.MASTER (KEY,TID,RID,DID,TIME_ID,SUB_ID,GROUP_ID,LTP) values (to_timestamp('24-04-15 11:53:21.619000000 AM','DD-MM-RR HH12:MI:SSXFF AM'),'SHB',32,1,1,'UCS601',2,1);
Insert into CHIRAG.MASTER (KEY,TID,RID,DID,TIME_ID,SUB_ID,GROUP_ID,LTP) values (to_timestamp('24-04-15 11:54:32.446000000 AM','DD-MM-RR HH12:MI:SSXFF AM'),'SHB',21,1,5,'UCS601',3,2);
Insert into CHIRAG.MASTER (KEY,TID,RID,DID,TIME_ID,SUB_ID,GROUP_ID,LTP) values (to_timestamp('24-04-15 11:55:51.014000000 AM','DD-MM-RR HH12:MI:SSXFF AM'),'SHB',32,2,2,'UCS601',1,1);
Insert into CHIRAG.MASTER (KEY,TID,RID,DID,TIME_ID,SUB_ID,GROUP_ID,LTP) values (to_timestamp('24-04-15 11:55:51.098000000 AM','DD-MM-RR HH12:MI:SSXFF AM'),'SHB',32,2,2,'UCS601',3,1);
Insert into CHIRAG.MASTER (KEY,TID,RID,DID,TIME_ID,SUB_ID,GROUP_ID,LTP) values (to_timestamp('24-04-15 11:55:51.191000000 AM','DD-MM-RR HH12:MI:SSXFF AM'),'SHB',32,2,2,'UCS601',2,1);
Insert into CHIRAG.MASTER (KEY,TID,RID,DID,TIME_ID,SUB_ID,GROUP_ID,LTP) values (to_timestamp('24-04-15 11:58:34.703000000 AM','DD-MM-RR HH12:MI:SSXFF AM'),'SHB',63,2,16,'UCS404',6,3);
Insert into CHIRAG.MASTER (KEY,TID,RID,DID,TIME_ID,SUB_ID,GROUP_ID,LTP) values (to_timestamp('24-04-15 11:59:48.897000000 AM','DD-MM-RR HH12:MI:SSXFF AM'),'SHB',33,3,3,'UCS601',4,1);
Insert into CHIRAG.MASTER (KEY,TID,RID,DID,TIME_ID,SUB_ID,GROUP_ID,LTP) values (to_timestamp('24-04-15 11:59:48.975000000 AM','DD-MM-RR HH12:MI:SSXFF AM'),'SHB',33,3,3,'UCS601',6,1);
Insert into CHIRAG.MASTER (KEY,TID,RID,DID,TIME_ID,SUB_ID,GROUP_ID,LTP) values (to_timestamp('24-04-15 11:59:49.071000000 AM','DD-MM-RR HH12:MI:SSXFF AM'),'SHB',33,3,3,'UCS601',5,1);
Insert into CHIRAG.MASTER (KEY,TID,RID,DID,TIME_ID,SUB_ID,GROUP_ID,LTP) values (to_timestamp('24-04-15 12:04:28.190000000 PM','DD-MM-RR HH12:MI:SSXFF AM'),'SHB',33,5,3,'UCS601',5,1);
Insert into CHIRAG.MASTER (KEY,TID,RID,DID,TIME_ID,SUB_ID,GROUP_ID,LTP) values (to_timestamp('24-04-15 12:04:43.034000000 PM','DD-MM-RR HH12:MI:SSXFF AM'),'SHB',33,4,1,'UCS601',4,1);
Insert into CHIRAG.MASTER (KEY,TID,RID,DID,TIME_ID,SUB_ID,GROUP_ID,LTP) values (to_timestamp('24-04-15 12:04:43.127000000 PM','DD-MM-RR HH12:MI:SSXFF AM'),'SHB',33,4,1,'UCS601',6,1);
Insert into CHIRAG.MASTER (KEY,TID,RID,DID,TIME_ID,SUB_ID,GROUP_ID,LTP) values (to_timestamp('24-04-15 12:04:28.026000000 PM','DD-MM-RR HH12:MI:SSXFF AM'),'SHB',33,5,3,'UCS601',4,1);
Insert into CHIRAG.MASTER (KEY,TID,RID,DID,TIME_ID,SUB_ID,GROUP_ID,LTP) values (to_timestamp('24-04-15 12:04:28.110000000 PM','DD-MM-RR HH12:MI:SSXFF AM'),'SHB',33,5,3,'UCS601',6,1);
Insert into CHIRAG.MASTER (KEY,TID,RID,DID,TIME_ID,SUB_ID,GROUP_ID,LTP) values (to_timestamp('24-04-15 12:04:43.220000000 PM','DD-MM-RR HH12:MI:SSXFF AM'),'SHB',33,4,1,'UCS601',5,1);
Insert into CHIRAG.MASTER (KEY,TID,RID,DID,TIME_ID,SUB_ID,GROUP_ID,LTP) values (to_timestamp('24-04-15 12:05:16.805000000 PM','DD-MM-RR HH12:MI:SSXFF AM'),'SHB',33,5,7,'UCS601',1,1);
Insert into CHIRAG.MASTER (KEY,TID,RID,DID,TIME_ID,SUB_ID,GROUP_ID,LTP) values (to_timestamp('24-04-15 12:05:16.886000000 PM','DD-MM-RR HH12:MI:SSXFF AM'),'SHB',33,5,7,'UCS601',3,1);
Insert into CHIRAG.MASTER (KEY,TID,RID,DID,TIME_ID,SUB_ID,GROUP_ID,LTP) values (to_timestamp('24-04-15 12:05:16.967000000 PM','DD-MM-RR HH12:MI:SSXFF AM'),'SHB',33,5,7,'UCS601',2,1);
Insert into CHIRAG.MASTER (KEY,TID,RID,DID,TIME_ID,SUB_ID,GROUP_ID,LTP) values (to_timestamp('24-04-15 12:12:30.719000000 PM','DD-MM-RR HH12:MI:SSXFF AM'),'SGO',62,4,14,'UTA003',1,3);
Insert into CHIRAG.MASTER (KEY,TID,RID,DID,TIME_ID,SUB_ID,GROUP_ID,LTP) values (to_timestamp('24-04-15 12:13:56.699000000 PM','DD-MM-RR HH12:MI:SSXFF AM'),'AKU',65,1,16,'UCS404',8,3);
Insert into CHIRAG.MASTER (KEY,TID,RID,DID,TIME_ID,SUB_ID,GROUP_ID,LTP) values (to_timestamp('24-04-15 12:15:40.643000000 PM','DD-MM-RR HH12:MI:SSXFF AM'),'AKU',1,3,3,'UCS404',4,1);
Insert into CHIRAG.MASTER (KEY,TID,RID,DID,TIME_ID,SUB_ID,GROUP_ID,LTP) values (to_timestamp('24-04-15 12:11:10.202000000 PM','DD-MM-RR HH12:MI:SSXFF AM'),'SGO',62,1,16,'UTA003',3,3);
Insert into CHIRAG.MASTER (KEY,TID,RID,DID,TIME_ID,SUB_ID,GROUP_ID,LTP) values (to_timestamp('24-04-15 12:15:40.739000000 PM','DD-MM-RR HH12:MI:SSXFF AM'),'AKU',1,3,3,'UCS404',6,1);
Insert into CHIRAG.MASTER (KEY,TID,RID,DID,TIME_ID,SUB_ID,GROUP_ID,LTP) values (to_timestamp('24-04-15 12:15:40.914000000 PM','DD-MM-RR HH12:MI:SSXFF AM'),'AKU',1,3,3,'UCS404',5,1);
Insert into CHIRAG.MASTER (KEY,TID,RID,DID,TIME_ID,SUB_ID,GROUP_ID,LTP) values (to_timestamp('24-04-15 12:16:49.365000000 PM','DD-MM-RR HH12:MI:SSXFF AM'),'AKU',1,3,8,'UCS404',1,2);
Insert into CHIRAG.MASTER (KEY,TID,RID,DID,TIME_ID,SUB_ID,GROUP_ID,LTP) values (to_timestamp('24-04-15 12:17:32.299000000 PM','DD-MM-RR HH12:MI:SSXFF AM'),'AKU',1,4,1,'UCS404',4,1);
Insert into CHIRAG.MASTER (KEY,TID,RID,DID,TIME_ID,SUB_ID,GROUP_ID,LTP) values (to_timestamp('24-04-15 12:17:32.379000000 PM','DD-MM-RR HH12:MI:SSXFF AM'),'AKU',1,4,1,'UCS404',6,1);
Insert into CHIRAG.MASTER (KEY,TID,RID,DID,TIME_ID,SUB_ID,GROUP_ID,LTP) values (to_timestamp('24-04-15 12:17:32.471000000 PM','DD-MM-RR HH12:MI:SSXFF AM'),'AKU',1,4,1,'UCS404',5,1);
Insert into CHIRAG.MASTER (KEY,TID,RID,DID,TIME_ID,SUB_ID,GROUP_ID,LTP) values (to_timestamp('24-04-15 12:18:16.108000000 PM','DD-MM-RR HH12:MI:SSXFF AM'),'AKU',1,5,4,'UCS404',4,1);
Insert into CHIRAG.MASTER (KEY,TID,RID,DID,TIME_ID,SUB_ID,GROUP_ID,LTP) values (to_timestamp('24-04-15 12:18:16.192000000 PM','DD-MM-RR HH12:MI:SSXFF AM'),'AKU',1,5,4,'UCS404',6,1);
Insert into CHIRAG.MASTER (KEY,TID,RID,DID,TIME_ID,SUB_ID,GROUP_ID,LTP) values (to_timestamp('24-04-15 12:18:16.287000000 PM','DD-MM-RR HH12:MI:SSXFF AM'),'AKU',1,5,4,'UCS404',5,1);
Insert into CHIRAG.MASTER (KEY,TID,RID,DID,TIME_ID,SUB_ID,GROUP_ID,LTP) values (to_timestamp('24-04-15 12:20:11.432000000 PM','DD-MM-RR HH12:MI:SSXFF AM'),'SJ',29,1,4,'UCS402',1,1);
Insert into CHIRAG.MASTER (KEY,TID,RID,DID,TIME_ID,SUB_ID,GROUP_ID,LTP) values (to_timestamp('24-04-15 12:20:11.523000000 PM','DD-MM-RR HH12:MI:SSXFF AM'),'SJ',29,1,4,'UCS402',3,1);
Insert into CHIRAG.MASTER (KEY,TID,RID,DID,TIME_ID,SUB_ID,GROUP_ID,LTP) values (to_timestamp('24-04-15 12:20:11.631000000 PM','DD-MM-RR HH12:MI:SSXFF AM'),'SJ',29,1,4,'UCS402',2,1);
Insert into CHIRAG.MASTER (KEY,TID,RID,DID,TIME_ID,SUB_ID,GROUP_ID,LTP) values (to_timestamp('24-04-15 12:25:12.267000000 PM','DD-MM-RR HH12:MI:SSXFF AM'),'SJ',29,2,2,'UCS402',1,1);
Insert into CHIRAG.MASTER (KEY,TID,RID,DID,TIME_ID,SUB_ID,GROUP_ID,LTP) values (to_timestamp('24-04-15 12:25:12.353000000 PM','DD-MM-RR HH12:MI:SSXFF AM'),'SJ',29,2,2,'UCS402',3,1);
Insert into CHIRAG.MASTER (KEY,TID,RID,DID,TIME_ID,SUB_ID,GROUP_ID,LTP) values (to_timestamp('24-04-15 12:25:12.484000000 PM','DD-MM-RR HH12:MI:SSXFF AM'),'SJ',29,2,2,'UCS402',2,1);
Insert into CHIRAG.MASTER (KEY,TID,RID,DID,TIME_ID,SUB_ID,GROUP_ID,LTP) values (to_timestamp('24-04-15 12:25:44.644000000 PM','DD-MM-RR HH12:MI:SSXFF AM'),'SJ',1,2,4,'UCS402',4,1);
Insert into CHIRAG.MASTER (KEY,TID,RID,DID,TIME_ID,SUB_ID,GROUP_ID,LTP) values (to_timestamp('24-04-15 12:25:44.723000000 PM','DD-MM-RR HH12:MI:SSXFF AM'),'SJ',1,2,4,'UCS402',9,1);
Insert into CHIRAG.MASTER (KEY,TID,RID,DID,TIME_ID,SUB_ID,GROUP_ID,LTP) values (to_timestamp('24-04-15 12:25:44.804000000 PM','DD-MM-RR HH12:MI:SSXFF AM'),'SJ',1,2,4,'UCS402',5,1);
Insert into CHIRAG.MASTER (KEY,TID,RID,DID,TIME_ID,SUB_ID,GROUP_ID,LTP) values (to_timestamp('24-04-15 12:25:44.896000000 PM','DD-MM-RR HH12:MI:SSXFF AM'),'SJ',1,2,4,'UCS402',6,1);
Insert into CHIRAG.MASTER (KEY,TID,RID,DID,TIME_ID,SUB_ID,GROUP_ID,LTP) values (to_timestamp('24-04-15 12:25:44.974000000 PM','DD-MM-RR HH12:MI:SSXFF AM'),'SJ',1,2,4,'UCS402',7,1);
Insert into CHIRAG.MASTER (KEY,TID,RID,DID,TIME_ID,SUB_ID,GROUP_ID,LTP) values (to_timestamp('24-04-15 12:25:45.051000000 PM','DD-MM-RR HH12:MI:SSXFF AM'),'SJ',1,2,4,'UCS402',8,1);
Insert into CHIRAG.MASTER (KEY,TID,RID,DID,TIME_ID,SUB_ID,GROUP_ID,LTP) values (to_timestamp('24-04-15 12:26:24.883000000 PM','DD-MM-RR HH12:MI:SSXFF AM'),'SJ',2,2,9,'UCS402',5,2);
Insert into CHIRAG.MASTER (KEY,TID,RID,DID,TIME_ID,SUB_ID,GROUP_ID,LTP) values (to_timestamp('24-04-15 12:27:41.374000000 PM','DD-MM-RR HH12:MI:SSXFF AM'),'SJ',63,3,18,'UTA003',2,3);
Insert into CHIRAG.MASTER (KEY,TID,RID,DID,TIME_ID,SUB_ID,GROUP_ID,LTP) values (to_timestamp('24-04-15 12:28:32.133000000 PM','DD-MM-RR HH12:MI:SSXFF AM'),'SJ',29,4,1,'UCS402',1,1);
Insert into CHIRAG.MASTER (KEY,TID,RID,DID,TIME_ID,SUB_ID,GROUP_ID,LTP) values (to_timestamp('24-04-15 12:28:32.219000000 PM','DD-MM-RR HH12:MI:SSXFF AM'),'SJ',29,4,1,'UCS402',3,1);
Insert into CHIRAG.MASTER (KEY,TID,RID,DID,TIME_ID,SUB_ID,GROUP_ID,LTP) values (to_timestamp('24-04-15 12:28:32.314000000 PM','DD-MM-RR HH12:MI:SSXFF AM'),'SJ',29,4,1,'UCS402',2,1);
Insert into CHIRAG.MASTER (KEY,TID,RID,DID,TIME_ID,SUB_ID,GROUP_ID,LTP) values (to_timestamp('24-04-15 12:29:34.138000000 PM','DD-MM-RR HH12:MI:SSXFF AM'),'SJ',9,4,3,'UCS402',4,2);
Insert into CHIRAG.MASTER (KEY,TID,RID,DID,TIME_ID,SUB_ID,GROUP_ID,LTP) values (to_timestamp('24-04-15 12:30:19.962000000 PM','DD-MM-RR HH12:MI:SSXFF AM'),'SJ',1,4,3,'UCS402',4,1);
Insert into CHIRAG.MASTER (KEY,TID,RID,DID,TIME_ID,SUB_ID,GROUP_ID,LTP) values (to_timestamp('24-04-15 12:30:20.081000000 PM','DD-MM-RR HH12:MI:SSXFF AM'),'SJ',1,4,3,'UCS402',6,1);
Insert into CHIRAG.MASTER (KEY,TID,RID,DID,TIME_ID,SUB_ID,GROUP_ID,LTP) values (to_timestamp('24-04-15 12:30:20.182000000 PM','DD-MM-RR HH12:MI:SSXFF AM'),'SJ',1,4,3,'UCS402',5,1);
Insert into CHIRAG.MASTER (KEY,TID,RID,DID,TIME_ID,SUB_ID,GROUP_ID,LTP) values (to_timestamp('24-04-15 12:31:10.553000000 PM','DD-MM-RR HH12:MI:SSXFF AM'),'SJ',13,5,2,'UCS402',8,2);
Insert into CHIRAG.MASTER (KEY,TID,RID,DID,TIME_ID,SUB_ID,GROUP_ID,LTP) values (to_timestamp('24-04-15 12:55:30.126000000 PM','DD-MM-RR HH12:MI:SSXFF AM'),'ASH',63,1,16,'UCS602',6,3);
Insert into CHIRAG.MASTER (KEY,TID,RID,DID,TIME_ID,SUB_ID,GROUP_ID,LTP) values (to_timestamp('24-04-15 12:57:02.260000000 PM','DD-MM-RR HH12:MI:SSXFF AM'),'ASH',28,1,8,'UCS602',4,1);
Insert into CHIRAG.MASTER (KEY,TID,RID,DID,TIME_ID,SUB_ID,GROUP_ID,LTP) values (to_timestamp('24-04-15 12:57:02.335000000 PM','DD-MM-RR HH12:MI:SSXFF AM'),'ASH',28,1,8,'UCS602',6,1);
Insert into CHIRAG.MASTER (KEY,TID,RID,DID,TIME_ID,SUB_ID,GROUP_ID,LTP) values (to_timestamp('24-04-15 12:57:02.418000000 PM','DD-MM-RR HH12:MI:SSXFF AM'),'ASH',28,1,8,'UCS602',5,1);
Insert into CHIRAG.MASTER (KEY,TID,RID,DID,TIME_ID,SUB_ID,GROUP_ID,LTP) values (to_timestamp('24-04-15 12:58:21.218000000 PM','DD-MM-RR HH12:MI:SSXFF AM'),'ASH',33,2,2,'UCS602',4,1);
Insert into CHIRAG.MASTER (KEY,TID,RID,DID,TIME_ID,SUB_ID,GROUP_ID,LTP) values (to_timestamp('24-04-15 12:58:21.297000000 PM','DD-MM-RR HH12:MI:SSXFF AM'),'ASH',33,2,2,'UCS602',6,1);
Insert into CHIRAG.MASTER (KEY,TID,RID,DID,TIME_ID,SUB_ID,GROUP_ID,LTP) values (to_timestamp('24-04-15 12:58:21.381000000 PM','DD-MM-RR HH12:MI:SSXFF AM'),'ASH',33,2,2,'UCS602',5,1);
Insert into CHIRAG.MASTER (KEY,TID,RID,DID,TIME_ID,SUB_ID,GROUP_ID,LTP) values (to_timestamp('24-04-15 01:00:23.180000000 PM','DD-MM-RR HH12:MI:SSXFF AM'),'ASH',66,2,18,'UCS602',2,3);
Insert into CHIRAG.MASTER (KEY,TID,RID,DID,TIME_ID,SUB_ID,GROUP_ID,LTP) values (to_timestamp('24-04-15 01:01:44.967000000 PM','DD-MM-RR HH12:MI:SSXFF AM'),'ASH',33,5,7,'UCS602',4,1);
Insert into CHIRAG.MASTER (KEY,TID,RID,DID,TIME_ID,SUB_ID,GROUP_ID,LTP) values (to_timestamp('24-04-15 01:01:45.061000000 PM','DD-MM-RR HH12:MI:SSXFF AM'),'ASH',33,5,7,'UCS602',6,1);
Insert into CHIRAG.MASTER (KEY,TID,RID,DID,TIME_ID,SUB_ID,GROUP_ID,LTP) values (to_timestamp('24-04-15 01:01:45.165000000 PM','DD-MM-RR HH12:MI:SSXFF AM'),'ASH',33,5,7,'UCS602',5,1);
Insert into CHIRAG.MASTER (KEY,TID,RID,DID,TIME_ID,SUB_ID,GROUP_ID,LTP) values (to_timestamp('24-04-15 01:10:29.832000000 PM','DD-MM-RR HH12:MI:SSXFF AM'),'RKU',68,1,5,'UTA003',1,1);
Insert into CHIRAG.MASTER (KEY,TID,RID,DID,TIME_ID,SUB_ID,GROUP_ID,LTP) values (to_timestamp('24-04-15 01:10:29.993000000 PM','DD-MM-RR HH12:MI:SSXFF AM'),'RKU',68,1,5,'UTA003',3,1);
Insert into CHIRAG.MASTER (KEY,TID,RID,DID,TIME_ID,SUB_ID,GROUP_ID,LTP) values (to_timestamp('24-04-15 01:10:30.074000000 PM','DD-MM-RR HH12:MI:SSXFF AM'),'RKU',68,1,5,'UTA003',2,1);
Insert into CHIRAG.MASTER (KEY,TID,RID,DID,TIME_ID,SUB_ID,GROUP_ID,LTP) values (to_timestamp('24-04-15 01:14:41.369000000 PM','DD-MM-RR HH12:MI:SSXFF AM'),'RKU',67,1,7,'UTA003',2,1);
Insert into CHIRAG.MASTER (KEY,TID,RID,DID,TIME_ID,SUB_ID,GROUP_ID,LTP) values (to_timestamp('24-04-15 01:14:41.209000000 PM','DD-MM-RR HH12:MI:SSXFF AM'),'RKU',67,1,7,'UTA003',1,1);
Insert into CHIRAG.MASTER (KEY,TID,RID,DID,TIME_ID,SUB_ID,GROUP_ID,LTP) values (to_timestamp('24-04-15 01:14:41.286000000 PM','DD-MM-RR HH12:MI:SSXFF AM'),'RKU',67,1,7,'UTA003',3,1);
Insert into CHIRAG.MASTER (KEY,TID,RID,DID,TIME_ID,SUB_ID,GROUP_ID,LTP) values (to_timestamp('24-04-15 01:15:34.597000000 PM','DD-MM-RR HH12:MI:SSXFF AM'),'RKU',62,1,18,'UTA003',1,3);
Insert into CHIRAG.MASTER (KEY,TID,RID,DID,TIME_ID,SUB_ID,GROUP_ID,LTP) values (to_timestamp('24-04-15 01:15:34.687000000 PM','DD-MM-RR HH12:MI:SSXFF AM'),'RKU',62,1,18,'UTA003',3,3);
Insert into CHIRAG.MASTER (KEY,TID,RID,DID,TIME_ID,SUB_ID,GROUP_ID,LTP) values (to_timestamp('24-04-15 01:15:34.770000000 PM','DD-MM-RR HH12:MI:SSXFF AM'),'RKU',62,1,18,'UTA003',2,3);
Insert into CHIRAG.MASTER (KEY,TID,RID,DID,TIME_ID,SUB_ID,GROUP_ID,LTP) values (to_timestamp('24-04-15 01:16:44.969000000 PM','DD-MM-RR HH12:MI:SSXFF AM'),'RKU',68,3,2,'UTA003',1,1);
Insert into CHIRAG.MASTER (KEY,TID,RID,DID,TIME_ID,SUB_ID,GROUP_ID,LTP) values (to_timestamp('24-04-15 01:16:45.048000000 PM','DD-MM-RR HH12:MI:SSXFF AM'),'RKU',68,3,2,'UTA003',3,1);
Insert into CHIRAG.MASTER (KEY,TID,RID,DID,TIME_ID,SUB_ID,GROUP_ID,LTP) values (to_timestamp('24-04-15 01:16:45.141000000 PM','DD-MM-RR HH12:MI:SSXFF AM'),'RKU',68,3,2,'UTA003',2,1);
Insert into CHIRAG.MASTER (KEY,TID,RID,DID,TIME_ID,SUB_ID,GROUP_ID,LTP) values (to_timestamp('24-04-15 01:17:27.260000000 PM','DD-MM-RR HH12:MI:SSXFF AM'),'RKU',62,3,16,'UTA003',4,3);
Insert into CHIRAG.MASTER (KEY,TID,RID,DID,TIME_ID,SUB_ID,GROUP_ID,LTP) values (to_timestamp('24-04-15 01:17:27.336000000 PM','DD-MM-RR HH12:MI:SSXFF AM'),'RKU',62,3,16,'UTA003',6,3);
Insert into CHIRAG.MASTER (KEY,TID,RID,DID,TIME_ID,SUB_ID,GROUP_ID,LTP) values (to_timestamp('24-04-15 01:17:27.423000000 PM','DD-MM-RR HH12:MI:SSXFF AM'),'RKU',62,3,16,'UTA003',5,3);
Insert into CHIRAG.MASTER (KEY,TID,RID,DID,TIME_ID,SUB_ID,GROUP_ID,LTP) values (to_timestamp('24-04-15 01:24:29.874000000 PM','DD-MM-RR HH12:MI:SSXFF AM'),'RKU',39,4,1,'UTA003',1,1);
Insert into CHIRAG.MASTER (KEY,TID,RID,DID,TIME_ID,SUB_ID,GROUP_ID,LTP) values (to_timestamp('24-04-15 01:24:29.958000000 PM','DD-MM-RR HH12:MI:SSXFF AM'),'RKU',39,4,1,'UTA003',3,1);
Insert into CHIRAG.MASTER (KEY,TID,RID,DID,TIME_ID,SUB_ID,GROUP_ID,LTP) values (to_timestamp('24-04-15 01:24:30.045000000 PM','DD-MM-RR HH12:MI:SSXFF AM'),'RKU',39,4,1,'UTA003',2,1);
Insert into CHIRAG.MASTER (KEY,TID,RID,DID,TIME_ID,SUB_ID,GROUP_ID,LTP) values (to_timestamp('24-04-15 01:25:34.268000000 PM','DD-MM-RR HH12:MI:SSXFF AM'),'RKU',35,4,4,'UTA003',7,2);
Insert into CHIRAG.MASTER (KEY,TID,RID,DID,TIME_ID,SUB_ID,GROUP_ID,LTP) values (to_timestamp('24-04-15 01:26:18.784000000 PM','DD-MM-RR HH12:MI:SSXFF AM'),'RKU',68,5,4,'UTA003',1,1);
Insert into CHIRAG.MASTER (KEY,TID,RID,DID,TIME_ID,SUB_ID,GROUP_ID,LTP) values (to_timestamp('24-04-15 01:26:18.868000000 PM','DD-MM-RR HH12:MI:SSXFF AM'),'RKU',68,5,4,'UTA003',3,1);
Insert into CHIRAG.MASTER (KEY,TID,RID,DID,TIME_ID,SUB_ID,GROUP_ID,LTP) values (to_timestamp('24-04-15 01:26:18.962000000 PM','DD-MM-RR HH12:MI:SSXFF AM'),'RKU',68,5,4,'UTA003',2,1);
Insert into CHIRAG.MASTER (KEY,TID,RID,DID,TIME_ID,SUB_ID,GROUP_ID,LTP) values (to_timestamp('24-04-15 01:27:12.892000000 PM','DD-MM-RR HH12:MI:SSXFF AM'),'RKU',67,5,7,'UTA003',1,1);
Insert into CHIRAG.MASTER (KEY,TID,RID,DID,TIME_ID,SUB_ID,GROUP_ID,LTP) values (to_timestamp('24-04-15 01:27:12.973000000 PM','DD-MM-RR HH12:MI:SSXFF AM'),'RKU',67,5,7,'UTA003',3,1);
Insert into CHIRAG.MASTER (KEY,TID,RID,DID,TIME_ID,SUB_ID,GROUP_ID,LTP) values (to_timestamp('24-04-15 01:27:13.088000000 PM','DD-MM-RR HH12:MI:SSXFF AM'),'RKU',67,5,7,'UTA003',2,1);
Insert into CHIRAG.MASTER (KEY,TID,RID,DID,TIME_ID,SUB_ID,GROUP_ID,LTP) values (to_timestamp('24-04-15 01:31:32.186000000 PM','DD-MM-RR HH12:MI:SSXFF AM'),'KAR',61,1,18,'UTA003',7,3);
Insert into CHIRAG.MASTER (KEY,TID,RID,DID,TIME_ID,SUB_ID,GROUP_ID,LTP) values (to_timestamp('24-04-15 01:31:32.272000000 PM','DD-MM-RR HH12:MI:SSXFF AM'),'KAR',61,1,18,'UTA003',9,3);
Insert into CHIRAG.MASTER (KEY,TID,RID,DID,TIME_ID,SUB_ID,GROUP_ID,LTP) values (to_timestamp('24-04-15 01:31:32.369000000 PM','DD-MM-RR HH12:MI:SSXFF AM'),'KAR',61,1,18,'UTA003',8,3);
Insert into CHIRAG.MASTER (KEY,TID,RID,DID,TIME_ID,SUB_ID,GROUP_ID,LTP) values (to_timestamp('24-04-15 01:32:31.941000000 PM','DD-MM-RR HH12:MI:SSXFF AM'),'KAR',68,2,8,'UTA003',1,1);
Insert into CHIRAG.MASTER (KEY,TID,RID,DID,TIME_ID,SUB_ID,GROUP_ID,LTP) values (to_timestamp('24-04-15 01:32:32.016000000 PM','DD-MM-RR HH12:MI:SSXFF AM'),'KAR',68,2,8,'UTA003',3,1);
Insert into CHIRAG.MASTER (KEY,TID,RID,DID,TIME_ID,SUB_ID,GROUP_ID,LTP) values (to_timestamp('24-04-15 01:32:32.101000000 PM','DD-MM-RR HH12:MI:SSXFF AM'),'KAR',68,2,8,'UTA003',2,1);
Insert into CHIRAG.MASTER (KEY,TID,RID,DID,TIME_ID,SUB_ID,GROUP_ID,LTP) values (to_timestamp('24-04-15 01:33:09.619000000 PM','DD-MM-RR HH12:MI:SSXFF AM'),'KAR',67,3,1,'UTA003',1,1);
Insert into CHIRAG.MASTER (KEY,TID,RID,DID,TIME_ID,SUB_ID,GROUP_ID,LTP) values (to_timestamp('24-04-15 01:33:09.697000000 PM','DD-MM-RR HH12:MI:SSXFF AM'),'KAR',67,3,1,'UTA003',3,1);
Insert into CHIRAG.MASTER (KEY,TID,RID,DID,TIME_ID,SUB_ID,GROUP_ID,LTP) values (to_timestamp('24-04-15 01:33:09.795000000 PM','DD-MM-RR HH12:MI:SSXFF AM'),'KAR',67,3,1,'UTA003',2,1);
Insert into CHIRAG.MASTER (KEY,TID,RID,DID,TIME_ID,SUB_ID,GROUP_ID,LTP) values (to_timestamp('24-04-15 01:33:31.753000000 PM','DD-MM-RR HH12:MI:SSXFF AM'),'KAR',67,3,7,'UTA003',1,1);
Insert into CHIRAG.MASTER (KEY,TID,RID,DID,TIME_ID,SUB_ID,GROUP_ID,LTP) values (to_timestamp('24-04-15 01:33:31.827000000 PM','DD-MM-RR HH12:MI:SSXFF AM'),'KAR',67,3,7,'UTA003',3,1);
Insert into CHIRAG.MASTER (KEY,TID,RID,DID,TIME_ID,SUB_ID,GROUP_ID,LTP) values (to_timestamp('24-04-15 01:33:31.911000000 PM','DD-MM-RR HH12:MI:SSXFF AM'),'KAR',67,3,7,'UTA003',2,1);
Insert into CHIRAG.MASTER (KEY,TID,RID,DID,TIME_ID,SUB_ID,GROUP_ID,LTP) values (to_timestamp('24-04-15 01:34:00.094000000 PM','DD-MM-RR HH12:MI:SSXFF AM'),'KAR',68,4,2,'UTA003',1,1);
Insert into CHIRAG.MASTER (KEY,TID,RID,DID,TIME_ID,SUB_ID,GROUP_ID,LTP) values (to_timestamp('24-04-15 01:34:00.178000000 PM','DD-MM-RR HH12:MI:SSXFF AM'),'KAR',68,4,2,'UTA003',3,1);
Insert into CHIRAG.MASTER (KEY,TID,RID,DID,TIME_ID,SUB_ID,GROUP_ID,LTP) values (to_timestamp('24-04-15 01:34:00.264000000 PM','DD-MM-RR HH12:MI:SSXFF AM'),'KAR',68,4,2,'UTA003',2,1);
Insert into CHIRAG.MASTER (KEY,TID,RID,DID,TIME_ID,SUB_ID,GROUP_ID,LTP) values (to_timestamp('24-04-15 01:34:39.460000000 PM','DD-MM-RR HH12:MI:SSXFF AM'),'KAR',66,4,7,'UTA003',4,3);
Insert into CHIRAG.MASTER (KEY,TID,RID,DID,TIME_ID,SUB_ID,GROUP_ID,LTP) values (to_timestamp('24-04-15 01:34:39.567000000 PM','DD-MM-RR HH12:MI:SSXFF AM'),'KAR',66,4,7,'UTA003',6,3);
Insert into CHIRAG.MASTER (KEY,TID,RID,DID,TIME_ID,SUB_ID,GROUP_ID,LTP) values (to_timestamp('24-04-15 01:34:39.675000000 PM','DD-MM-RR HH12:MI:SSXFF AM'),'KAR',66,4,7,'UTA003',5,3);
Insert into CHIRAG.MASTER (KEY,TID,RID,DID,TIME_ID,SUB_ID,GROUP_ID,LTP) values (to_timestamp('24-04-15 01:35:33.722000000 PM','DD-MM-RR HH12:MI:SSXFF AM'),'KAR',37,5,4,'UTA003',1,1);
Insert into CHIRAG.MASTER (KEY,TID,RID,DID,TIME_ID,SUB_ID,GROUP_ID,LTP) values (to_timestamp('24-04-15 01:35:33.819000000 PM','DD-MM-RR HH12:MI:SSXFF AM'),'KAR',37,5,4,'UTA003',3,1);
Insert into CHIRAG.MASTER (KEY,TID,RID,DID,TIME_ID,SUB_ID,GROUP_ID,LTP) values (to_timestamp('24-04-15 01:35:33.934000000 PM','DD-MM-RR HH12:MI:SSXFF AM'),'KAR',37,5,4,'UTA003',2,1);
Insert into CHIRAG.MASTER (KEY,TID,RID,DID,TIME_ID,SUB_ID,GROUP_ID,LTP) values (to_timestamp('24-04-15 01:36:10.581000000 PM','DD-MM-RR HH12:MI:SSXFF AM'),'KAR',22,5,7,'UTA003',1,1);
Insert into CHIRAG.MASTER (KEY,TID,RID,DID,TIME_ID,SUB_ID,GROUP_ID,LTP) values (to_timestamp('24-04-15 01:36:10.663000000 PM','DD-MM-RR HH12:MI:SSXFF AM'),'KAR',22,5,7,'UTA003',3,1);
Insert into CHIRAG.MASTER (KEY,TID,RID,DID,TIME_ID,SUB_ID,GROUP_ID,LTP) values (to_timestamp('24-04-15 01:36:10.748000000 PM','DD-MM-RR HH12:MI:SSXFF AM'),'KAR',22,5,7,'UTA003',2,1);
Insert into CHIRAG.MASTER (KEY,TID,RID,DID,TIME_ID,SUB_ID,GROUP_ID,LTP) values (to_timestamp('24-04-15 01:37:22.145000000 PM','DD-MM-RR HH12:MI:SSXFF AM'),'KAR',61,5,18,'UTA003',1,3);
Insert into CHIRAG.MASTER (KEY,TID,RID,DID,TIME_ID,SUB_ID,GROUP_ID,LTP) values (to_timestamp('24-04-15 01:37:22.232000000 PM','DD-MM-RR HH12:MI:SSXFF AM'),'KAR',61,5,18,'UTA003',3,3);
Insert into CHIRAG.MASTER (KEY,TID,RID,DID,TIME_ID,SUB_ID,GROUP_ID,LTP) values (to_timestamp('24-04-15 01:37:22.343000000 PM','DD-MM-RR HH12:MI:SSXFF AM'),'KAR',61,5,18,'UTA003',2,3);
Insert into CHIRAG.MASTER (KEY,TID,RID,DID,TIME_ID,SUB_ID,GROUP_ID,LTP) values (to_timestamp('24-04-15 01:38:35.144000000 PM','DD-MM-RR HH12:MI:SSXFF AM'),'SMG',64,1,18,'UTA003',7,3);
Insert into CHIRAG.MASTER (KEY,TID,RID,DID,TIME_ID,SUB_ID,GROUP_ID,LTP) values (to_timestamp('24-04-15 01:38:35.218000000 PM','DD-MM-RR HH12:MI:SSXFF AM'),'SMG',64,1,18,'UTA003',9,3);
Insert into CHIRAG.MASTER (KEY,TID,RID,DID,TIME_ID,SUB_ID,GROUP_ID,LTP) values (to_timestamp('24-04-15 01:38:35.301000000 PM','DD-MM-RR HH12:MI:SSXFF AM'),'SMG',64,1,18,'UTA003',8,3);
Insert into CHIRAG.MASTER (KEY,TID,RID,DID,TIME_ID,SUB_ID,GROUP_ID,LTP) values (to_timestamp('24-04-15 01:42:03.930000000 PM','DD-MM-RR HH12:MI:SSXFF AM'),'ASA',62,1,7,'UCS802',1,1);
Insert into CHIRAG.MASTER (KEY,TID,RID,DID,TIME_ID,SUB_ID,GROUP_ID,LTP) values (to_timestamp('24-04-15 01:42:04.026000000 PM','DD-MM-RR HH12:MI:SSXFF AM'),'ASA',62,1,7,'UCS802',3,1);
Insert into CHIRAG.MASTER (KEY,TID,RID,DID,TIME_ID,SUB_ID,GROUP_ID,LTP) values (to_timestamp('24-04-15 01:42:04.110000000 PM','DD-MM-RR HH12:MI:SSXFF AM'),'ASA',62,1,7,'UCS802',2,1);
Insert into CHIRAG.MASTER (KEY,TID,RID,DID,TIME_ID,SUB_ID,GROUP_ID,LTP) values (to_timestamp('24-04-15 01:43:06.627000000 PM','DD-MM-RR HH12:MI:SSXFF AM'),'ASA',34,2,7,'UCS802',1,2);
Insert into CHIRAG.MASTER (KEY,TID,RID,DID,TIME_ID,SUB_ID,GROUP_ID,LTP) values (to_timestamp('24-04-15 01:43:44.626000000 PM','DD-MM-RR HH12:MI:SSXFF AM'),'ASA',49,4,7,'UCS802',1,1);
Insert into CHIRAG.MASTER (KEY,TID,RID,DID,TIME_ID,SUB_ID,GROUP_ID,LTP) values (to_timestamp('24-04-15 01:43:44.701000000 PM','DD-MM-RR HH12:MI:SSXFF AM'),'ASA',49,4,7,'UCS802',3,1);
Insert into CHIRAG.MASTER (KEY,TID,RID,DID,TIME_ID,SUB_ID,GROUP_ID,LTP) values (to_timestamp('24-04-15 01:43:44.785000000 PM','DD-MM-RR HH12:MI:SSXFF AM'),'ASA',49,4,7,'UCS802',2,1);
Insert into CHIRAG.MASTER (KEY,TID,RID,DID,TIME_ID,SUB_ID,GROUP_ID,LTP) values (to_timestamp('24-04-15 01:45:41.060000000 PM','DD-MM-RR HH12:MI:SSXFF AM'),'ASA',62,5,12,'UCS802',1,3);
Insert into CHIRAG.MASTER (KEY,TID,RID,DID,TIME_ID,SUB_ID,GROUP_ID,LTP) values (to_timestamp('24-04-15 01:45:41.140000000 PM','DD-MM-RR HH12:MI:SSXFF AM'),'ASA',62,5,12,'UCS802',3,3);
Insert into CHIRAG.MASTER (KEY,TID,RID,DID,TIME_ID,SUB_ID,GROUP_ID,LTP) values (to_timestamp('24-04-15 01:45:41.220000000 PM','DD-MM-RR HH12:MI:SSXFF AM'),'ASA',62,5,12,'UCS802',2,3);
Insert into CHIRAG.MASTER (KEY,TID,RID,DID,TIME_ID,SUB_ID,GROUP_ID,LTP) values (to_timestamp('24-04-15 01:47:56.433000000 PM','DD-MM-RR HH12:MI:SSXFF AM'),'RKT',67,2,1,'UTA003',1,1);
Insert into CHIRAG.MASTER (KEY,TID,RID,DID,TIME_ID,SUB_ID,GROUP_ID,LTP) values (to_timestamp('24-04-15 01:47:56.517000000 PM','DD-MM-RR HH12:MI:SSXFF AM'),'RKT',67,2,1,'UTA003',3,1);
Insert into CHIRAG.MASTER (KEY,TID,RID,DID,TIME_ID,SUB_ID,GROUP_ID,LTP) values (to_timestamp('24-04-15 01:47:56.613000000 PM','DD-MM-RR HH12:MI:SSXFF AM'),'RKT',67,2,1,'UTA003',2,1);
Insert into CHIRAG.MASTER (KEY,TID,RID,DID,TIME_ID,SUB_ID,GROUP_ID,LTP) values (to_timestamp('24-04-15 01:50:59.838000000 PM','DD-MM-RR HH12:MI:SSXFF AM'),'RKT',62,2,18,'UTA003',7,3);
Insert into CHIRAG.MASTER (KEY,TID,RID,DID,TIME_ID,SUB_ID,GROUP_ID,LTP) values (to_timestamp('24-04-15 01:50:59.918000000 PM','DD-MM-RR HH12:MI:SSXFF AM'),'RKT',62,2,18,'UTA003',9,3);
Insert into CHIRAG.MASTER (KEY,TID,RID,DID,TIME_ID,SUB_ID,GROUP_ID,LTP) values (to_timestamp('24-04-15 01:51:00.009000000 PM','DD-MM-RR HH12:MI:SSXFF AM'),'RKT',62,2,18,'UTA003',8,3);
Insert into CHIRAG.MASTER (KEY,TID,RID,DID,TIME_ID,SUB_ID,GROUP_ID,LTP) values (to_timestamp('24-04-15 01:51:37.483000000 PM','DD-MM-RR HH12:MI:SSXFF AM'),'RKT',67,4,1,'UTA003',1,1);
Insert into CHIRAG.MASTER (KEY,TID,RID,DID,TIME_ID,SUB_ID,GROUP_ID,LTP) values (to_timestamp('24-04-15 01:51:37.564000000 PM','DD-MM-RR HH12:MI:SSXFF AM'),'RKT',67,4,1,'UTA003',3,1);
Insert into CHIRAG.MASTER (KEY,TID,RID,DID,TIME_ID,SUB_ID,GROUP_ID,LTP) values (to_timestamp('24-04-15 01:51:37.652000000 PM','DD-MM-RR HH12:MI:SSXFF AM'),'RKT',67,4,1,'UTA003',2,1);
Insert into CHIRAG.MASTER (KEY,TID,RID,DID,TIME_ID,SUB_ID,GROUP_ID,LTP) values (to_timestamp('24-04-15 01:52:27.838000000 PM','DD-MM-RR HH12:MI:SSXFF AM'),'RKT',21,4,8,'UTA003',9,2);
Insert into CHIRAG.MASTER (KEY,TID,RID,DID,TIME_ID,SUB_ID,GROUP_ID,LTP) values (to_timestamp('24-04-15 01:53:13.594000000 PM','DD-MM-RR HH12:MI:SSXFF AM'),'RKT',38,5,2,'UTA003',1,1);
Insert into CHIRAG.MASTER (KEY,TID,RID,DID,TIME_ID,SUB_ID,GROUP_ID,LTP) values (to_timestamp('24-04-15 01:53:13.698000000 PM','DD-MM-RR HH12:MI:SSXFF AM'),'RKT',38,5,2,'UTA003',3,1);
Insert into CHIRAG.MASTER (KEY,TID,RID,DID,TIME_ID,SUB_ID,GROUP_ID,LTP) values (to_timestamp('24-04-15 01:53:13.803000000 PM','DD-MM-RR HH12:MI:SSXFF AM'),'RKT',38,5,2,'UTA003',2,1);
Insert into CHIRAG.MASTER (KEY,TID,RID,DID,TIME_ID,SUB_ID,GROUP_ID,LTP) values (to_timestamp('24-04-15 01:54:48.348000000 PM','DD-MM-RR HH12:MI:SSXFF AM'),'VIN',29,1,3,'UCS403',1,1);
Insert into CHIRAG.MASTER (KEY,TID,RID,DID,TIME_ID,SUB_ID,GROUP_ID,LTP) values (to_timestamp('24-04-15 01:54:48.426000000 PM','DD-MM-RR HH12:MI:SSXFF AM'),'VIN',29,1,3,'UCS403',3,1);
Insert into CHIRAG.MASTER (KEY,TID,RID,DID,TIME_ID,SUB_ID,GROUP_ID,LTP) values (to_timestamp('24-04-15 01:54:48.520000000 PM','DD-MM-RR HH12:MI:SSXFF AM'),'VIN',29,1,3,'UCS403',2,1);
Insert into CHIRAG.MASTER (KEY,TID,RID,DID,TIME_ID,SUB_ID,GROUP_ID,LTP) values (to_timestamp('24-04-15 01:55:28.336000000 PM','DD-MM-RR HH12:MI:SSXFF AM'),'VIN',28,1,7,'UCS403',1,1);
Insert into CHIRAG.MASTER (KEY,TID,RID,DID,TIME_ID,SUB_ID,GROUP_ID,LTP) values (to_timestamp('24-04-15 01:55:28.414000000 PM','DD-MM-RR HH12:MI:SSXFF AM'),'VIN',28,1,7,'UCS403',3,1);
Insert into CHIRAG.MASTER (KEY,TID,RID,DID,TIME_ID,SUB_ID,GROUP_ID,LTP) values (to_timestamp('24-04-15 01:56:55.514000000 PM','DD-MM-RR HH12:MI:SSXFF AM'),'VIN',28,2,7,'UCS403',2,1);
Insert into CHIRAG.MASTER (KEY,TID,RID,DID,TIME_ID,SUB_ID,GROUP_ID,LTP) values (to_timestamp('24-04-15 01:56:55.318000000 PM','DD-MM-RR HH12:MI:SSXFF AM'),'VIN',28,2,7,'UCS403',1,1);
Insert into CHIRAG.MASTER (KEY,TID,RID,DID,TIME_ID,SUB_ID,GROUP_ID,LTP) values (to_timestamp('24-04-15 01:56:55.394000000 PM','DD-MM-RR HH12:MI:SSXFF AM'),'VIN',28,2,7,'UCS403',3,1);
Insert into CHIRAG.MASTER (KEY,TID,RID,DID,TIME_ID,SUB_ID,GROUP_ID,LTP) values (to_timestamp('24-04-15 01:57:55.991000000 PM','DD-MM-RR HH12:MI:SSXFF AM'),'VIN',8,3,7,'UCS403',2,2);
Insert into CHIRAG.MASTER (KEY,TID,RID,DID,TIME_ID,SUB_ID,GROUP_ID,LTP) values (to_timestamp('24-04-15 01:58:37.245000000 PM','DD-MM-RR HH12:MI:SSXFF AM'),'VIN',14,4,2,'UCS403',4,2);
Insert into CHIRAG.MASTER (KEY,TID,RID,DID,TIME_ID,SUB_ID,GROUP_ID,LTP) values (to_timestamp('24-04-15 01:59:19.918000000 PM','DD-MM-RR HH12:MI:SSXFF AM'),'VIN',29,4,4,'UCS403',1,1);
Insert into CHIRAG.MASTER (KEY,TID,RID,DID,TIME_ID,SUB_ID,GROUP_ID,LTP) values (to_timestamp('24-04-15 01:59:19.999000000 PM','DD-MM-RR HH12:MI:SSXFF AM'),'VIN',29,4,4,'UCS403',3,1);
Insert into CHIRAG.MASTER (KEY,TID,RID,DID,TIME_ID,SUB_ID,GROUP_ID,LTP) values (to_timestamp('24-04-15 01:59:20.088000000 PM','DD-MM-RR HH12:MI:SSXFF AM'),'VIN',29,4,4,'UCS403',2,1);
Insert into CHIRAG.MASTER (KEY,TID,RID,DID,TIME_ID,SUB_ID,GROUP_ID,LTP) values (to_timestamp('24-04-15 02:07:16.638000000 PM','DD-MM-RR HH12:MI:SSXFF AM'),'PS',62,3,18,'UTA003',4,3);
Insert into CHIRAG.MASTER (KEY,TID,RID,DID,TIME_ID,SUB_ID,GROUP_ID,LTP) values (to_timestamp('24-04-15 02:07:42.478000000 PM','DD-MM-RR HH12:MI:SSXFF AM'),'PS',63,5,18,'UTA003',4,3);
Insert into CHIRAG.MASTER (KEY,TID,RID,DID,TIME_ID,SUB_ID,GROUP_ID,LTP) values (to_timestamp('24-04-15 02:10:29.615000000 PM','DD-MM-RR HH12:MI:SSXFF AM'),'KJK',3,1,8,'UCS401',4,2);
Insert into CHIRAG.MASTER (KEY,TID,RID,DID,TIME_ID,SUB_ID,GROUP_ID,LTP) values (to_timestamp('24-04-15 02:11:20.460000000 PM','DD-MM-RR HH12:MI:SSXFF AM'),'KJK',2,1,9,'UCS401',4,2);
Insert into CHIRAG.MASTER (KEY,TID,RID,DID,TIME_ID,SUB_ID,GROUP_ID,LTP) values (to_timestamp('24-04-15 02:12:41.167000000 PM','DD-MM-RR HH12:MI:SSXFF AM'),'KJK',29,2,1,'UCS401',1,1);
Insert into CHIRAG.MASTER (KEY,TID,RID,DID,TIME_ID,SUB_ID,GROUP_ID,LTP) values (to_timestamp('24-04-15 02:12:41.253000000 PM','DD-MM-RR HH12:MI:SSXFF AM'),'KJK',29,2,1,'UCS401',3,1);
Insert into CHIRAG.MASTER (KEY,TID,RID,DID,TIME_ID,SUB_ID,GROUP_ID,LTP) values (to_timestamp('24-04-15 02:12:41.354000000 PM','DD-MM-RR HH12:MI:SSXFF AM'),'KJK',29,2,1,'UCS401',2,1);
Insert into CHIRAG.MASTER (KEY,TID,RID,DID,TIME_ID,SUB_ID,GROUP_ID,LTP) values (to_timestamp('24-04-15 02:14:03.855000000 PM','DD-MM-RR HH12:MI:SSXFF AM'),'KJK',65,2,18,'UCS404',3,3);
Insert into CHIRAG.MASTER (KEY,TID,RID,DID,TIME_ID,SUB_ID,GROUP_ID,LTP) values (to_timestamp('24-04-15 02:15:25.358000000 PM','DD-MM-RR HH12:MI:SSXFF AM'),'KJK',29,3,2,'UCS401',1,1);
Insert into CHIRAG.MASTER (KEY,TID,RID,DID,TIME_ID,SUB_ID,GROUP_ID,LTP) values (to_timestamp('24-04-15 02:15:25.438000000 PM','DD-MM-RR HH12:MI:SSXFF AM'),'KJK',29,3,2,'UCS401',3,1);
Insert into CHIRAG.MASTER (KEY,TID,RID,DID,TIME_ID,SUB_ID,GROUP_ID,LTP) values (to_timestamp('24-04-15 02:15:25.536000000 PM','DD-MM-RR HH12:MI:SSXFF AM'),'KJK',29,3,2,'UCS401',2,1);
Insert into CHIRAG.MASTER (KEY,TID,RID,DID,TIME_ID,SUB_ID,GROUP_ID,LTP) values (to_timestamp('24-04-15 02:16:16.196000000 PM','DD-MM-RR HH12:MI:SSXFF AM'),'KJK',29,5,2,'UCS401',1,1);
Insert into CHIRAG.MASTER (KEY,TID,RID,DID,TIME_ID,SUB_ID,GROUP_ID,LTP) values (to_timestamp('24-04-15 02:16:16.275000000 PM','DD-MM-RR HH12:MI:SSXFF AM'),'KJK',29,5,2,'UCS401',3,1);
Insert into CHIRAG.MASTER (KEY,TID,RID,DID,TIME_ID,SUB_ID,GROUP_ID,LTP) values (to_timestamp('24-04-15 02:16:16.362000000 PM','DD-MM-RR HH12:MI:SSXFF AM'),'KJK',29,5,2,'UCS401',2,1);
Insert into CHIRAG.MASTER (KEY,TID,RID,DID,TIME_ID,SUB_ID,GROUP_ID,LTP) values (to_timestamp('24-04-15 02:18:19.061000000 PM','DD-MM-RR HH12:MI:SSXFF AM'),'RUP',3,5,9,'UCS403',3,2);
Insert into CHIRAG.MASTER (KEY,TID,RID,DID,TIME_ID,SUB_ID,GROUP_ID,LTP) values (to_timestamp('24-04-15 02:20:12.837000000 PM','DD-MM-RR HH12:MI:SSXFF AM'),'MAG',32,1,3,'UCS602',1,1);
Insert into CHIRAG.MASTER (KEY,TID,RID,DID,TIME_ID,SUB_ID,GROUP_ID,LTP) values (to_timestamp('24-04-15 02:20:12.921000000 PM','DD-MM-RR HH12:MI:SSXFF AM'),'MAG',32,1,3,'UCS602',3,1);
Insert into CHIRAG.MASTER (KEY,TID,RID,DID,TIME_ID,SUB_ID,GROUP_ID,LTP) values (to_timestamp('24-04-15 02:20:13.049000000 PM','DD-MM-RR HH12:MI:SSXFF AM'),'MAG',32,1,3,'UCS602',2,1);
Insert into CHIRAG.MASTER (KEY,TID,RID,DID,TIME_ID,SUB_ID,GROUP_ID,LTP) values (to_timestamp('24-04-15 02:21:39.969000000 PM','DD-MM-RR HH12:MI:SSXFF AM'),'MAG',32,3,1,'UCS602',1,1);
Insert into CHIRAG.MASTER (KEY,TID,RID,DID,TIME_ID,SUB_ID,GROUP_ID,LTP) values (to_timestamp('24-04-15 02:21:40.051000000 PM','DD-MM-RR HH12:MI:SSXFF AM'),'MAG',32,3,1,'UCS602',3,1);
Insert into CHIRAG.MASTER (KEY,TID,RID,DID,TIME_ID,SUB_ID,GROUP_ID,LTP) values (to_timestamp('24-04-15 02:21:40.144000000 PM','DD-MM-RR HH12:MI:SSXFF AM'),'MAG',32,3,1,'UCS602',2,1);
Insert into CHIRAG.MASTER (KEY,TID,RID,DID,TIME_ID,SUB_ID,GROUP_ID,LTP) values (to_timestamp('24-04-15 02:22:22.891000000 PM','DD-MM-RR HH12:MI:SSXFF AM'),'MAG',32,4,4,'UCS602',1,1);
Insert into CHIRAG.MASTER (KEY,TID,RID,DID,TIME_ID,SUB_ID,GROUP_ID,LTP) values (to_timestamp('24-04-15 02:22:22.971000000 PM','DD-MM-RR HH12:MI:SSXFF AM'),'MAG',32,4,4,'UCS602',3,1);
Insert into CHIRAG.MASTER (KEY,TID,RID,DID,TIME_ID,SUB_ID,GROUP_ID,LTP) values (to_timestamp('24-04-15 02:22:23.073000000 PM','DD-MM-RR HH12:MI:SSXFF AM'),'MAG',32,4,4,'UCS602',2,1);
Insert into CHIRAG.MASTER (KEY,TID,RID,DID,TIME_ID,SUB_ID,GROUP_ID,LTP) values (to_timestamp('24-04-15 02:23:57.555000000 PM','DD-MM-RR HH12:MI:SSXFF AM'),'HAR',60,1,11,'UCS602',7,3);
Insert into CHIRAG.MASTER (KEY,TID,RID,DID,TIME_ID,SUB_ID,GROUP_ID,LTP) values (to_timestamp('24-04-15 02:25:23.519000000 PM','DD-MM-RR HH12:MI:SSXFF AM'),'HAR',22,1,5,'UCS602',1,1);
Insert into CHIRAG.MASTER (KEY,TID,RID,DID,TIME_ID,SUB_ID,GROUP_ID,LTP) values (to_timestamp('24-04-15 02:25:23.591000000 PM','DD-MM-RR HH12:MI:SSXFF AM'),'HAR',22,1,5,'UCS602',3,1);
Insert into CHIRAG.MASTER (KEY,TID,RID,DID,TIME_ID,SUB_ID,GROUP_ID,LTP) values (to_timestamp('24-04-15 02:25:23.670000000 PM','DD-MM-RR HH12:MI:SSXFF AM'),'HAR',22,1,5,'UCS602',2,1);
Insert into CHIRAG.MASTER (KEY,TID,RID,DID,TIME_ID,SUB_ID,GROUP_ID,LTP) values (to_timestamp('24-04-15 02:26:46.147000000 PM','DD-MM-RR HH12:MI:SSXFF AM'),'HAR',66,1,16,'UCS602',8,3);
Insert into CHIRAG.MASTER (KEY,TID,RID,DID,TIME_ID,SUB_ID,GROUP_ID,LTP) values (to_timestamp('24-04-15 02:28:25.779000000 PM','DD-MM-RR HH12:MI:SSXFF AM'),'HAR',29,2,3,'UCS404',1,1);
Insert into CHIRAG.MASTER (KEY,TID,RID,DID,TIME_ID,SUB_ID,GROUP_ID,LTP) values (to_timestamp('24-04-15 02:28:25.849000000 PM','DD-MM-RR HH12:MI:SSXFF AM'),'HAR',29,2,3,'UCS404',3,1);
Insert into CHIRAG.MASTER (KEY,TID,RID,DID,TIME_ID,SUB_ID,GROUP_ID,LTP) values (to_timestamp('24-04-15 02:28:25.930000000 PM','DD-MM-RR HH12:MI:SSXFF AM'),'HAR',29,2,3,'UCS404',2,1);
Insert into CHIRAG.MASTER (KEY,TID,RID,DID,TIME_ID,SUB_ID,GROUP_ID,LTP) values (to_timestamp('24-04-15 02:29:26.995000000 PM','DD-MM-RR HH12:MI:SSXFF AM'),'HAR',1,3,1,'UCS403',4,1);
Insert into CHIRAG.MASTER (KEY,TID,RID,DID,TIME_ID,SUB_ID,GROUP_ID,LTP) values (to_timestamp('24-04-15 02:29:27.076000000 PM','DD-MM-RR HH12:MI:SSXFF AM'),'HAR',1,3,1,'UCS403',6,1);
Insert into CHIRAG.MASTER (KEY,TID,RID,DID,TIME_ID,SUB_ID,GROUP_ID,LTP) values (to_timestamp('24-04-15 02:29:27.164000000 PM','DD-MM-RR HH12:MI:SSXFF AM'),'HAR',1,3,1,'UCS403',5,1);
Insert into CHIRAG.MASTER (KEY,TID,RID,DID,TIME_ID,SUB_ID,GROUP_ID,LTP) values (to_timestamp('24-04-15 02:30:51.629000000 PM','DD-MM-RR HH12:MI:SSXFF AM'),'HAR',29,3,3,'UCS404',1,1);
Insert into CHIRAG.MASTER (KEY,TID,RID,DID,TIME_ID,SUB_ID,GROUP_ID,LTP) values (to_timestamp('24-04-15 02:30:51.700000000 PM','DD-MM-RR HH12:MI:SSXFF AM'),'HAR',29,3,3,'UCS404',3,1);
Insert into CHIRAG.MASTER (KEY,TID,RID,DID,TIME_ID,SUB_ID,GROUP_ID,LTP) values (to_timestamp('24-04-15 02:30:51.776000000 PM','DD-MM-RR HH12:MI:SSXFF AM'),'HAR',29,3,3,'UCS404',2,1);
Insert into CHIRAG.MASTER (KEY,TID,RID,DID,TIME_ID,SUB_ID,GROUP_ID,LTP) values (to_timestamp('24-04-15 02:32:37.953000000 PM','DD-MM-RR HH12:MI:SSXFF AM'),'HAR',1,4,2,'UCS403',4,1);
Insert into CHIRAG.MASTER (KEY,TID,RID,DID,TIME_ID,SUB_ID,GROUP_ID,LTP) values (to_timestamp('24-04-15 02:32:38.040000000 PM','DD-MM-RR HH12:MI:SSXFF AM'),'HAR',1,4,2,'UCS403',6,1);
Insert into CHIRAG.MASTER (KEY,TID,RID,DID,TIME_ID,SUB_ID,GROUP_ID,LTP) values (to_timestamp('24-04-15 02:32:38.131000000 PM','DD-MM-RR HH12:MI:SSXFF AM'),'HAR',1,4,2,'UCS403',5,1);
Insert into CHIRAG.MASTER (KEY,TID,RID,DID,TIME_ID,SUB_ID,GROUP_ID,LTP) values (to_timestamp('24-04-15 02:35:04.714000000 PM','DD-MM-RR HH12:MI:SSXFF AM'),'HAR',11,4,3,'UCS403',1,2);
Insert into CHIRAG.MASTER (KEY,TID,RID,DID,TIME_ID,SUB_ID,GROUP_ID,LTP) values (to_timestamp('24-04-15 02:36:10.778000000 PM','DD-MM-RR HH12:MI:SSXFF AM'),'HAR',1,5,3,'UCS403',4,1);
Insert into CHIRAG.MASTER (KEY,TID,RID,DID,TIME_ID,SUB_ID,GROUP_ID,LTP) values (to_timestamp('24-04-15 02:36:10.846000000 PM','DD-MM-RR HH12:MI:SSXFF AM'),'HAR',1,5,3,'UCS403',6,1);
Insert into CHIRAG.MASTER (KEY,TID,RID,DID,TIME_ID,SUB_ID,GROUP_ID,LTP) values (to_timestamp('24-04-15 02:36:10.919000000 PM','DD-MM-RR HH12:MI:SSXFF AM'),'HAR',1,5,3,'UCS403',5,1);
Insert into CHIRAG.MASTER (KEY,TID,RID,DID,TIME_ID,SUB_ID,GROUP_ID,LTP) values (to_timestamp('24-04-15 02:39:09.252000000 PM','DD-MM-RR HH12:MI:SSXFF AM'),'TAR',1,1,3,'UCS401',4,1);
Insert into CHIRAG.MASTER (KEY,TID,RID,DID,TIME_ID,SUB_ID,GROUP_ID,LTP) values (to_timestamp('24-04-15 02:39:09.325000000 PM','DD-MM-RR HH12:MI:SSXFF AM'),'TAR',1,1,3,'UCS401',6,1);
Insert into CHIRAG.MASTER (KEY,TID,RID,DID,TIME_ID,SUB_ID,GROUP_ID,LTP) values (to_timestamp('24-04-15 02:39:09.406000000 PM','DD-MM-RR HH12:MI:SSXFF AM'),'TAR',1,1,3,'UCS401',5,1);
Insert into CHIRAG.MASTER (KEY,TID,RID,DID,TIME_ID,SUB_ID,GROUP_ID,LTP) values (to_timestamp('24-04-15 02:41:46.194000000 PM','DD-MM-RR HH12:MI:SSXFF AM'),'TAR',1,2,1,'UCS401',4,1);
Insert into CHIRAG.MASTER (KEY,TID,RID,DID,TIME_ID,SUB_ID,GROUP_ID,LTP) values (to_timestamp('24-04-15 02:41:46.264000000 PM','DD-MM-RR HH12:MI:SSXFF AM'),'TAR',1,2,1,'UCS401',6,1);
Insert into CHIRAG.MASTER (KEY,TID,RID,DID,TIME_ID,SUB_ID,GROUP_ID,LTP) values (to_timestamp('24-04-15 02:41:46.351000000 PM','DD-MM-RR HH12:MI:SSXFF AM'),'TAR',1,2,1,'UCS401',5,1);
Insert into CHIRAG.MASTER (KEY,TID,RID,DID,TIME_ID,SUB_ID,GROUP_ID,LTP) values (to_timestamp('24-04-15 02:42:44.042000000 PM','DD-MM-RR HH12:MI:SSXFF AM'),'TAR',10,2,6,'UCS401',8,2);
Insert into CHIRAG.MASTER (KEY,TID,RID,DID,TIME_ID,SUB_ID,GROUP_ID,LTP) values (to_timestamp('24-04-15 02:43:38.254000000 PM','DD-MM-RR HH12:MI:SSXFF AM'),'TAR',1,3,2,'UCS401',4,1);
Insert into CHIRAG.MASTER (KEY,TID,RID,DID,TIME_ID,SUB_ID,GROUP_ID,LTP) values (to_timestamp('24-04-15 02:43:38.320000000 PM','DD-MM-RR HH12:MI:SSXFF AM'),'TAR',1,3,2,'UCS401',6,1);
Insert into CHIRAG.MASTER (KEY,TID,RID,DID,TIME_ID,SUB_ID,GROUP_ID,LTP) values (to_timestamp('24-04-15 02:43:38.398000000 PM','DD-MM-RR HH12:MI:SSXFF AM'),'TAR',1,3,2,'UCS401',5,1);
Insert into CHIRAG.MASTER (KEY,TID,RID,DID,TIME_ID,SUB_ID,GROUP_ID,LTP) values (to_timestamp('24-04-15 02:44:44.647000000 PM','DD-MM-RR HH12:MI:SSXFF AM'),'TAR',64,5,13,'UTA003',1,3);
Insert into CHIRAG.MASTER (KEY,TID,RID,DID,TIME_ID,SUB_ID,GROUP_ID,LTP) values (to_timestamp('24-04-15 02:46:34.174000000 PM','DD-MM-RR HH12:MI:SSXFF AM'),'RA1',27,1,5,'UCS601',5,2);
Insert into CHIRAG.MASTER (KEY,TID,RID,DID,TIME_ID,SUB_ID,GROUP_ID,LTP) values (to_timestamp('24-04-15 02:49:10.553000000 PM','DD-MM-RR HH12:MI:SSXFF AM'),'RA1',4,2,8,'UCS402',2,2);
Insert into CHIRAG.MASTER (KEY,TID,RID,DID,TIME_ID,SUB_ID,GROUP_ID,LTP) values (to_timestamp('24-04-15 02:50:50.844000000 PM','DD-MM-RR HH12:MI:SSXFF AM'),'RA1',34,4,1,'UCS402',3,2);
Insert into CHIRAG.MASTER (KEY,TID,RID,DID,TIME_ID,SUB_ID,GROUP_ID,LTP) values (to_timestamp('24-04-15 02:54:40.763000000 PM','DD-MM-RR HH12:MI:SSXFF AM'),'RA1',34,4,1,'UCS601',3,2);
Insert into CHIRAG.MASTER (KEY,TID,RID,DID,TIME_ID,SUB_ID,GROUP_ID,LTP) values (to_timestamp('24-04-15 02:55:50.009000000 PM','DD-MM-RR HH12:MI:SSXFF AM'),'RA1',21,4,4,'UCS601',8,2);
Insert into CHIRAG.MASTER (KEY,TID,RID,DID,TIME_ID,SUB_ID,GROUP_ID,LTP) values (to_timestamp('24-04-15 02:56:47.779000000 PM','DD-MM-RR HH12:MI:SSXFF AM'),'RA1',11,5,1,'UCS402',6,2);
Insert into CHIRAG.MASTER (KEY,TID,RID,DID,TIME_ID,SUB_ID,GROUP_ID,LTP) values (to_timestamp('24-04-15 02:59:42.089000000 PM','DD-MM-RR HH12:MI:SSXFF AM'),'RA2',1,1,8,'UCS401',1,2);
Insert into CHIRAG.MASTER (KEY,TID,RID,DID,TIME_ID,SUB_ID,GROUP_ID,LTP) values (to_timestamp('24-04-15 03:00:23.623000000 PM','DD-MM-RR HH12:MI:SSXFF AM'),'RA2',9,2,6,'UCS401',7,2);
Insert into CHIRAG.MASTER (KEY,TID,RID,DID,TIME_ID,SUB_ID,GROUP_ID,LTP) values (to_timestamp('24-04-15 03:01:02.162000000 PM','DD-MM-RR HH12:MI:SSXFF AM'),'RA2',10,5,1,'UCS401',8,2);
Insert into CHIRAG.MASTER (KEY,TID,RID,DID,TIME_ID,SUB_ID,GROUP_ID,LTP) values (to_timestamp('24-04-15 03:04:10.677000000 PM','DD-MM-RR HH12:MI:SSXFF AM'),'RA2',10,5,1,'UCS403',8,2);
Insert into CHIRAG.MASTER (KEY,TID,RID,DID,TIME_ID,SUB_ID,GROUP_ID,LTP) values (to_timestamp('24-04-15 03:08:10.899000000 PM','DD-MM-RR HH12:MI:SSXFF AM'),'RA3',65,1,11,'UCS404',1,3);
Insert into CHIRAG.MASTER (KEY,TID,RID,DID,TIME_ID,SUB_ID,GROUP_ID,LTP) values (to_timestamp('24-04-15 03:06:03.384000000 PM','DD-MM-RR HH12:MI:SSXFF AM'),'RA2',14,5,2,'UCS403',9,2);
Insert into CHIRAG.MASTER (KEY,TID,RID,DID,TIME_ID,SUB_ID,GROUP_ID,LTP) values (to_timestamp('24-04-15 03:06:26.240000000 PM','DD-MM-RR HH12:MI:SSXFF AM'),'RA2',13,5,7,'UCS403',6,2);
Insert into CHIRAG.MASTER (KEY,TID,RID,DID,TIME_ID,SUB_ID,GROUP_ID,LTP) values (to_timestamp('24-04-15 03:08:54.069000000 PM','DD-MM-RR HH12:MI:SSXFF AM'),'RA3',60,1,18,'UCS404',9,3);
Insert into CHIRAG.MASTER (KEY,TID,RID,DID,TIME_ID,SUB_ID,GROUP_ID,LTP) values (to_timestamp('24-04-15 03:09:59.878000000 PM','DD-MM-RR HH12:MI:SSXFF AM'),'RA3',13,4,2,'UCS403',5,2);
Insert into CHIRAG.MASTER (KEY,TID,RID,DID,TIME_ID,SUB_ID,GROUP_ID,LTP) values (to_timestamp('24-04-15 03:11:03.997000000 PM','DD-MM-RR HH12:MI:SSXFF AM'),'RA3',9,5,1,'UCS403',7,2);
Insert into CHIRAG.MASTER (KEY,TID,RID,DID,TIME_ID,SUB_ID,GROUP_ID,LTP) values (to_timestamp('24-04-15 03:17:41.477000000 PM','DD-MM-RR HH12:MI:SSXFF AM'),'RA4',4,1,7,'UCS401',4,1);
Insert into CHIRAG.MASTER (KEY,TID,RID,DID,TIME_ID,SUB_ID,GROUP_ID,LTP) values (to_timestamp('24-04-15 03:17:41.548000000 PM','DD-MM-RR HH12:MI:SSXFF AM'),'RA4',4,1,7,'UCS401',6,1);
Insert into CHIRAG.MASTER (KEY,TID,RID,DID,TIME_ID,SUB_ID,GROUP_ID,LTP) values (to_timestamp('24-04-15 03:17:41.629000000 PM','DD-MM-RR HH12:MI:SSXFF AM'),'RA4',4,1,7,'UCS401',5,1);
Insert into CHIRAG.MASTER (KEY,TID,RID,DID,TIME_ID,SUB_ID,GROUP_ID,LTP) values (to_timestamp('24-04-15 03:16:41.373000000 PM','DD-MM-RR HH12:MI:SSXFF AM'),'RA4',34,1,1,'UCS601',6,1);
Insert into CHIRAG.MASTER (KEY,TID,RID,DID,TIME_ID,SUB_ID,GROUP_ID,LTP) values (to_timestamp('24-04-15 03:20:06.131000000 PM','DD-MM-RR HH12:MI:SSXFF AM'),'RA4',2,1,8,'UCS401',2,1);
Insert into CHIRAG.MASTER (KEY,TID,RID,DID,TIME_ID,SUB_ID,GROUP_ID,LTP) values (to_timestamp('24-04-15 03:20:43.127000000 PM','DD-MM-RR HH12:MI:SSXFF AM'),'RA4',2,2,8,'UCS401',5,2);
Insert into CHIRAG.MASTER (KEY,TID,RID,DID,TIME_ID,SUB_ID,GROUP_ID,LTP) values (to_timestamp('24-04-15 03:22:51.716000000 PM','DD-MM-RR HH12:MI:SSXFF AM'),'RA4',35,4,1,'UCS601',4,2);
Insert into CHIRAG.MASTER (KEY,TID,RID,DID,TIME_ID,SUB_ID,GROUP_ID,LTP) values (to_timestamp('24-04-15 03:26:35.904000000 PM','DD-MM-RR HH12:MI:SSXFF AM'),'RA6',63,1,18,'UCS404',5,3);
Insert into CHIRAG.MASTER (KEY,TID,RID,DID,TIME_ID,SUB_ID,GROUP_ID,LTP) values (to_timestamp('24-04-15 03:28:00.706000000 PM','DD-MM-RR HH12:MI:SSXFF AM'),'RA6',64,4,11,'UTA003',4,3);
Insert into CHIRAG.MASTER (KEY,TID,RID,DID,TIME_ID,SUB_ID,GROUP_ID,LTP) values (to_timestamp('24-04-15 03:28:00.775000000 PM','DD-MM-RR HH12:MI:SSXFF AM'),'RA6',64,4,11,'UTA003',6,3);
Insert into CHIRAG.MASTER (KEY,TID,RID,DID,TIME_ID,SUB_ID,GROUP_ID,LTP) values (to_timestamp('24-04-15 03:28:00.854000000 PM','DD-MM-RR HH12:MI:SSXFF AM'),'RA6',64,4,11,'UTA003',5,3);
Insert into CHIRAG.MASTER (KEY,TID,RID,DID,TIME_ID,SUB_ID,GROUP_ID,LTP) values (to_timestamp('24-04-15 03:28:44.733000000 PM','DD-MM-RR HH12:MI:SSXFF AM'),'RA6',62,5,18,'UTA003',7,3);
Insert into CHIRAG.MASTER (KEY,TID,RID,DID,TIME_ID,SUB_ID,GROUP_ID,LTP) values (to_timestamp('24-04-15 03:28:44.804000000 PM','DD-MM-RR HH12:MI:SSXFF AM'),'RA6',62,5,18,'UTA003',9,3);
Insert into CHIRAG.MASTER (KEY,TID,RID,DID,TIME_ID,SUB_ID,GROUP_ID,LTP) values (to_timestamp('24-04-15 03:28:44.875000000 PM','DD-MM-RR HH12:MI:SSXFF AM'),'RA6',62,5,18,'UTA003',8,3);
REM INSERTING into CHIRAG.ROOM
SET DEFINE OFF;
Insert into CHIRAG.ROOM (ROOM_ID,ROOM_NO) values (62,'UG 1A LAB');
Insert into CHIRAG.ROOM (ROOM_ID,ROOM_NO) values (63,'UG CS1 LAB');
Insert into CHIRAG.ROOM (ROOM_ID,ROOM_NO) values (64,'UG 1B LAB');
Insert into CHIRAG.ROOM (ROOM_ID,ROOM_NO) values (65,'ME-IS LAB');
Insert into CHIRAG.ROOM (ROOM_ID,ROOM_NO) values (66,'UG-CS2 LAB');
Insert into CHIRAG.ROOM (ROOM_ID,ROOM_NO) values (67,'D-115');
Insert into CHIRAG.ROOM (ROOM_ID,ROOM_NO) values (68,'D-116');
Insert into CHIRAG.ROOM (ROOM_ID,ROOM_NO) values (1,'E-101');
Insert into CHIRAG.ROOM (ROOM_ID,ROOM_NO) values (2,'E-102');
Insert into CHIRAG.ROOM (ROOM_ID,ROOM_NO) values (3,'E-103');
Insert into CHIRAG.ROOM (ROOM_ID,ROOM_NO) values (4,'E-104');
Insert into CHIRAG.ROOM (ROOM_ID,ROOM_NO) values (5,'E-105');
Insert into CHIRAG.ROOM (ROOM_ID,ROOM_NO) values (6,'E-106');
Insert into CHIRAG.ROOM (ROOM_ID,ROOM_NO) values (7,'E-107');
Insert into CHIRAG.ROOM (ROOM_ID,ROOM_NO) values (8,'E-108');
Insert into CHIRAG.ROOM (ROOM_ID,ROOM_NO) values (22,'F-102');
Insert into CHIRAG.ROOM (ROOM_ID,ROOM_NO) values (23,'F-103');
Insert into CHIRAG.ROOM (ROOM_ID,ROOM_NO) values (24,'F-104');
Insert into CHIRAG.ROOM (ROOM_ID,ROOM_NO) values (25,'F-105');
Insert into CHIRAG.ROOM (ROOM_ID,ROOM_NO) values (9,'E-201');
Insert into CHIRAG.ROOM (ROOM_ID,ROOM_NO) values (10,'E-202');
Insert into CHIRAG.ROOM (ROOM_ID,ROOM_NO) values (11,'E-203');
Insert into CHIRAG.ROOM (ROOM_ID,ROOM_NO) values (12,'E-204');
Insert into CHIRAG.ROOM (ROOM_ID,ROOM_NO) values (13,'E-205');
Insert into CHIRAG.ROOM (ROOM_ID,ROOM_NO) values (14,'E-206');
Insert into CHIRAG.ROOM (ROOM_ID,ROOM_NO) values (15,'E-207');
Insert into CHIRAG.ROOM (ROOM_ID,ROOM_NO) values (16,'E-208');
Insert into CHIRAG.ROOM (ROOM_ID,ROOM_NO) values (17,'E-209');
Insert into CHIRAG.ROOM (ROOM_ID,ROOM_NO) values (18,'E-210');
Insert into CHIRAG.ROOM (ROOM_ID,ROOM_NO) values (19,'E-211');
Insert into CHIRAG.ROOM (ROOM_ID,ROOM_NO) values (20,'E-212');
Insert into CHIRAG.ROOM (ROOM_ID,ROOM_NO) values (21,'F-101');
Insert into CHIRAG.ROOM (ROOM_ID,ROOM_NO) values (26,'F-106');
Insert into CHIRAG.ROOM (ROOM_ID,ROOM_NO) values (27,'F-107');
Insert into CHIRAG.ROOM (ROOM_ID,ROOM_NO) values (28,'F-108');
Insert into CHIRAG.ROOM (ROOM_ID,ROOM_NO) values (29,'F-201');
Insert into CHIRAG.ROOM (ROOM_ID,ROOM_NO) values (30,'F-202');
Insert into CHIRAG.ROOM (ROOM_ID,ROOM_NO) values (31,'F-203');
Insert into CHIRAG.ROOM (ROOM_ID,ROOM_NO) values (32,'F-204');
Insert into CHIRAG.ROOM (ROOM_ID,ROOM_NO) values (33,'F-205');
Insert into CHIRAG.ROOM (ROOM_ID,ROOM_NO) values (34,'F-206');
Insert into CHIRAG.ROOM (ROOM_ID,ROOM_NO) values (35,'F-207');
Insert into CHIRAG.ROOM (ROOM_ID,ROOM_NO) values (36,'F-208');
Insert into CHIRAG.ROOM (ROOM_ID,ROOM_NO) values (37,'B-301');
Insert into CHIRAG.ROOM (ROOM_ID,ROOM_NO) values (38,'B-302');
Insert into CHIRAG.ROOM (ROOM_ID,ROOM_NO) values (39,'B-303');
Insert into CHIRAG.ROOM (ROOM_ID,ROOM_NO) values (40,'B-304');
Insert into CHIRAG.ROOM (ROOM_ID,ROOM_NO) values (41,'B-305');
Insert into CHIRAG.ROOM (ROOM_ID,ROOM_NO) values (42,'B-306');
Insert into CHIRAG.ROOM (ROOM_ID,ROOM_NO) values (43,'B-307');
Insert into CHIRAG.ROOM (ROOM_ID,ROOM_NO) values (44,'B-308');
Insert into CHIRAG.ROOM (ROOM_ID,ROOM_NO) values (45,'B-309');
Insert into CHIRAG.ROOM (ROOM_ID,ROOM_NO) values (46,'B-310');
Insert into CHIRAG.ROOM (ROOM_ID,ROOM_NO) values (47,'B-311');
Insert into CHIRAG.ROOM (ROOM_ID,ROOM_NO) values (48,'B-312');
Insert into CHIRAG.ROOM (ROOM_ID,ROOM_NO) values (49,'B-209');
Insert into CHIRAG.ROOM (ROOM_ID,ROOM_NO) values (50,'B-210');
Insert into CHIRAG.ROOM (ROOM_ID,ROOM_NO) values (51,'B-211');
Insert into CHIRAG.ROOM (ROOM_ID,ROOM_NO) values (52,'D-201');
Insert into CHIRAG.ROOM (ROOM_ID,ROOM_NO) values (53,'D-202');
Insert into CHIRAG.ROOM (ROOM_ID,ROOM_NO) values (54,'D-203');
Insert into CHIRAG.ROOM (ROOM_ID,ROOM_NO) values (55,'D-204');
Insert into CHIRAG.ROOM (ROOM_ID,ROOM_NO) values (56,'D-205');
Insert into CHIRAG.ROOM (ROOM_ID,ROOM_NO) values (57,'D-206');
Insert into CHIRAG.ROOM (ROOM_ID,ROOM_NO) values (58,'D-207');
Insert into CHIRAG.ROOM (ROOM_ID,ROOM_NO) values (59,'D-208');
Insert into CHIRAG.ROOM (ROOM_ID,ROOM_NO) values (60,'ME-SE LAB');
Insert into CHIRAG.ROOM (ROOM_ID,ROOM_NO) values (61,'ME-CS LAB');
REM INSERTING into CHIRAG.SUBJECT_INFO
SET DEFINE OFF;
Insert into CHIRAG.SUBJECT_INFO (SUBJECT_ID,SUBJECT_NAME,L_CR,T_CR,P_CR,DEGREE,YEAR) values ('UTA003','Computer Programming',3,0,2,'UG',1);
Insert into CHIRAG.SUBJECT_INFO (SUBJECT_ID,SUBJECT_NAME,L_CR,T_CR,P_CR,DEGREE,YEAR) values ('UCS601','Theory of Computation',3,1,0,'UG',3);
Insert into CHIRAG.SUBJECT_INFO (SUBJECT_ID,SUBJECT_NAME,L_CR,T_CR,P_CR,DEGREE,YEAR) values ('UCS602','Software Engineering',3,0,2,'UG',3);
Insert into CHIRAG.SUBJECT_INFO (SUBJECT_ID,SUBJECT_NAME,L_CR,T_CR,P_CR,DEGREE,YEAR) values ('UCS504','Web Technologies',3,0,2,'UG',3);
Insert into CHIRAG.SUBJECT_INFO (SUBJECT_ID,SUBJECT_NAME,L_CR,T_CR,P_CR,DEGREE,YEAR) values ('UCS591','Summer Training(6 weeks during summer vacations after 2nd Year)',0,0,0,'UG',3);
Insert into CHIRAG.SUBJECT_INFO (SUBJECT_ID,SUBJECT_NAME,L_CR,T_CR,P_CR,DEGREE,YEAR) values ('UCS301','Data Structures',3,0,2,'UG',2);
Insert into CHIRAG.SUBJECT_INFO (SUBJECT_ID,SUBJECT_NAME,L_CR,T_CR,P_CR,DEGREE,YEAR) values ('UCS501','Algorithm Analysis and Design',3,0,2,'UG',3);
Insert into CHIRAG.SUBJECT_INFO (SUBJECT_ID,SUBJECT_NAME,L_CR,T_CR,P_CR,DEGREE,YEAR) values ('UCS502','Database Management Systems',3,0,2,'UG',3);
Insert into CHIRAG.SUBJECT_INFO (SUBJECT_ID,SUBJECT_NAME,L_CR,T_CR,P_CR,DEGREE,YEAR) values ('UCS503','Computer Graphics',3,0,2,'UG',3);
Insert into CHIRAG.SUBJECT_INFO (SUBJECT_ID,SUBJECT_NAME,L_CR,T_CR,P_CR,DEGREE,YEAR) values ('UCS101','Discrete Mathematical Structures',3,1,0,'UG',1);
Insert into CHIRAG.SUBJECT_INFO (SUBJECT_ID,SUBJECT_NAME,L_CR,T_CR,P_CR,DEGREE,YEAR) values ('UCS303','Operating Systems',3,0,2,'UG',2);
Insert into CHIRAG.SUBJECT_INFO (SUBJECT_ID,SUBJECT_NAME,L_CR,T_CR,P_CR,DEGREE,YEAR) values ('UCS302','Object Oriented Programming',3,0,2,'UG',2);
Insert into CHIRAG.SUBJECT_INFO (SUBJECT_ID,SUBJECT_NAME,L_CR,T_CR,P_CR,DEGREE,YEAR) values ('UCS402','Computer Networks',3,1,0,'UG',2);
Insert into CHIRAG.SUBJECT_INFO (SUBJECT_ID,SUBJECT_NAME,L_CR,T_CR,P_CR,DEGREE,YEAR) values ('UCS401','Computer System Architecture',3,1,0,'UG',2);
Insert into CHIRAG.SUBJECT_INFO (SUBJECT_ID,SUBJECT_NAME,L_CR,T_CR,P_CR,DEGREE,YEAR) values ('UCS404','Principles of Programming Languages',3,0,2,'UG',2);
Insert into CHIRAG.SUBJECT_INFO (SUBJECT_ID,SUBJECT_NAME,L_CR,T_CR,P_CR,DEGREE,YEAR) values ('UCS403','Analysis and Design of Information Systems',3,1,0,'UG',2);
Insert into CHIRAG.SUBJECT_INFO (SUBJECT_ID,SUBJECT_NAME,L_CR,T_CR,P_CR,DEGREE,YEAR) values ('UCS702','Compiler Construction',3,0,2,'UG',4);
Insert into CHIRAG.SUBJECT_INFO (SUBJECT_ID,SUBJECT_NAME,L_CR,T_CR,P_CR,DEGREE,YEAR) values ('UCS703','Artificial Intelligence',3,0,2,'UG',4);
Insert into CHIRAG.SUBJECT_INFO (SUBJECT_ID,SUBJECT_NAME,L_CR,T_CR,P_CR,DEGREE,YEAR) values ('UCS701','Software Project Management',3,0,2,'UG',4);
Insert into CHIRAG.SUBJECT_INFO (SUBJECT_ID,SUBJECT_NAME,L_CR,T_CR,P_CR,DEGREE,YEAR) values ('UCS803','Business Intelligence',3,1,0,'UG',4);
Insert into CHIRAG.SUBJECT_INFO (SUBJECT_ID,SUBJECT_NAME,L_CR,T_CR,P_CR,DEGREE,YEAR) values ('UCS802','Ethical Hacking',2,1,2,'UG',4);
REM INSERTING into CHIRAG.TEACHER_RECORD
SET DEFINE OFF;
Insert into CHIRAG.TEACHER_RECORD (ID,NAME) values ('SB','Dr Seema Bawa');
Insert into CHIRAG.TEACHER_RECORD (ID,NAME) values ('MAN','Dr Maninder Singh');
Insert into CHIRAG.TEACHER_RECORD (ID,NAME) values ('DG','Dr Deepak Garg');
Insert into CHIRAG.TEACHER_RECORD (ID,NAME) values ('AKV','Dr Anil Kumar Verma');
Insert into CHIRAG.TEACHER_RECORD (ID,NAME) values ('IC','Dr Inderveer Chana');
Insert into CHIRAG.TEACHER_RECORD (ID,NAME) values ('VPS','Dr VP Singh');
Insert into CHIRAG.TEACHER_RECORD (ID,NAME) values ('RIR','Dr Rinkle Aggarwal');
Insert into CHIRAG.TEACHER_RECORD (ID,NAME) values ('NRJ','Dr Neeraj');
Insert into CHIRAG.TEACHER_RECORD (ID,NAME) values ('SHB','DDr Shalini Batra');
Insert into CHIRAG.TEACHER_RECORD (ID,NAME) values ('SGO','Dr Shivani Goel');
Insert into CHIRAG.TEACHER_RECORD (ID,NAME) values ('PBH','Dr Parteek Bhatia');
Insert into CHIRAG.TEACHER_RECORD (ID,NAME) values ('AKU','Mr Ajay Kumar');
Insert into CHIRAG.TEACHER_RECORD (ID,NAME) values ('SJ','Dr Sushma Jain');
Insert into CHIRAG.TEACHER_RECORD (ID,NAME) values ('ASH','Mrs Ashima');
Insert into CHIRAG.TEACHER_RECORD (ID,NAME) values ('RKU','Mr Ravinder Kumar');
Insert into CHIRAG.TEACHER_RECORD (ID,NAME) values ('KAR','Mr Karun Verma');
Insert into CHIRAG.TEACHER_RECORD (ID,NAME) values ('SMG','Mr Sumit Miglani');
Insert into CHIRAG.TEACHER_RECORD (ID,NAME) values ('ANJ','Mrs Anju Bala');
Insert into CHIRAG.TEACHER_RECORD (ID,NAME) values ('ASA','Mr Ashish Aggarwal');
Insert into CHIRAG.TEACHER_RECORD (ID,NAME) values ('RKT','Mr Rajkumar Tekchandani');
Insert into CHIRAG.TEACHER_RECORD (ID,NAME) values ('VIN','Mr Vinay Arora');
Insert into CHIRAG.TEACHER_RECORD (ID,NAME) values ('DAM','Dr Damandeep');
Insert into CHIRAG.TEACHER_RECORD (ID,NAME) values ('JHK','Dr Jhilik');
Insert into CHIRAG.TEACHER_RECORD (ID,NAME) values ('ASM','Dr Ashutosh Mishra');
Insert into CHIRAG.TEACHER_RECORD (ID,NAME) values ('PS','Dr Prashant');
Insert into CHIRAG.TEACHER_RECORD (ID,NAME) values ('KJK','Ms Karamjeet Kaur');
Insert into CHIRAG.TEACHER_RECORD (ID,NAME) values ('RUP','Ms Rupinderdeep Kaur');
Insert into CHIRAG.TEACHER_RECORD (ID,NAME) values ('SUK','Ms Sukhchandan Kaur');
Insert into CHIRAG.TEACHER_RECORD (ID,NAME) values ('MAG','Ms Maggi Bansal');
Insert into CHIRAG.TEACHER_RECORD (ID,NAME) values ('HAR','Ms Harkiran Kaur');
Insert into CHIRAG.TEACHER_RECORD (ID,NAME) values ('TAR','Ms Tarunpreet ');
Insert into CHIRAG.TEACHER_RECORD (ID,NAME) values ('RA1','Vandana Bhatia');
Insert into CHIRAG.TEACHER_RECORD (ID,NAME) values ('RA2','Asmita Pandey');
Insert into CHIRAG.TEACHER_RECORD (ID,NAME) values ('RA3','Vishal Sharma');
Insert into CHIRAG.TEACHER_RECORD (ID,NAME) values ('RA4','Kuldeep Singh');
Insert into CHIRAG.TEACHER_RECORD (ID,NAME) values ('RA5','Kuldeep Sharma');
Insert into CHIRAG.TEACHER_RECORD (ID,NAME) values ('RA6','Sujata Singla');
REM INSERTING into CHIRAG.TIMESLOTS
SET DEFINE OFF;
Insert into CHIRAG.TIMESLOTS (TIME_ID,START_TIME,END_TIME) values (12,'09','11');
Insert into CHIRAG.TIMESLOTS (TIME_ID,START_TIME,END_TIME) values (13,'10','12');
Insert into CHIRAG.TIMESLOTS (TIME_ID,START_TIME,END_TIME) values (14,'11','13');
Insert into CHIRAG.TIMESLOTS (TIME_ID,START_TIME,END_TIME) values (15,'12','14');
Insert into CHIRAG.TIMESLOTS (TIME_ID,START_TIME,END_TIME) values (16,'13','15');
Insert into CHIRAG.TIMESLOTS (TIME_ID,START_TIME,END_TIME) values (17,'14','16');
Insert into CHIRAG.TIMESLOTS (TIME_ID,START_TIME,END_TIME) values (18,'15','17');
Insert into CHIRAG.TIMESLOTS (TIME_ID,START_TIME,END_TIME) values (19,'16','18');
Insert into CHIRAG.TIMESLOTS (TIME_ID,START_TIME,END_TIME) values (20,'17','19');
Insert into CHIRAG.TIMESLOTS (TIME_ID,START_TIME,END_TIME) values (1,'08','09');
Insert into CHIRAG.TIMESLOTS (TIME_ID,START_TIME,END_TIME) values (2,'09','10');
Insert into CHIRAG.TIMESLOTS (TIME_ID,START_TIME,END_TIME) values (3,'10','11');
Insert into CHIRAG.TIMESLOTS (TIME_ID,START_TIME,END_TIME) values (4,'11','12');
Insert into CHIRAG.TIMESLOTS (TIME_ID,START_TIME,END_TIME) values (5,'12','13');
Insert into CHIRAG.TIMESLOTS (TIME_ID,START_TIME,END_TIME) values (6,'13','14');
Insert into CHIRAG.TIMESLOTS (TIME_ID,START_TIME,END_TIME) values (7,'14','15');
Insert into CHIRAG.TIMESLOTS (TIME_ID,START_TIME,END_TIME) values (8,'15','16');
Insert into CHIRAG.TIMESLOTS (TIME_ID,START_TIME,END_TIME) values (9,'16','17');
Insert into CHIRAG.TIMESLOTS (TIME_ID,START_TIME,END_TIME) values (10,'17','18');
Insert into CHIRAG.TIMESLOTS (TIME_ID,START_TIME,END_TIME) values (11,'08','10');
REM INSERTING into CHIRAG.TUTGROUPS
SET DEFINE OFF;
Insert into CHIRAG.TUTGROUPS (GROUPID,PREFIX,NUM) values (1,'COE',1);
Insert into CHIRAG.TUTGROUPS (GROUPID,PREFIX,NUM) values (2,'COE',2);
Insert into CHIRAG.TUTGROUPS (GROUPID,PREFIX,NUM) values (3,'COE',3);
Insert into CHIRAG.TUTGROUPS (GROUPID,PREFIX,NUM) values (5,'COE',5);
Insert into CHIRAG.TUTGROUPS (GROUPID,PREFIX,NUM) values (6,'COE',6);
Insert into CHIRAG.TUTGROUPS (GROUPID,PREFIX,NUM) values (7,'COE',7);
Insert into CHIRAG.TUTGROUPS (GROUPID,PREFIX,NUM) values (8,'COE',8);
Insert into CHIRAG.TUTGROUPS (GROUPID,PREFIX,NUM) values (9,'COE',9);
Insert into CHIRAG.TUTGROUPS (GROUPID,PREFIX,NUM) values (4,'COE',4);
--------------------------------------------------------
--  DDL for Index TIMESLOTS_PK
--------------------------------------------------------

  CREATE UNIQUE INDEX "CHIRAG"."TIMESLOTS_PK" ON "CHIRAG"."TIMESLOTS" ("TIME_ID") 
  PCTFREE 10 INITRANS 2 MAXTRANS 255 COMPUTE STATISTICS 
  STORAGE(INITIAL 65536 NEXT 1048576 MINEXTENTS 1 MAXEXTENTS 2147483645
  PCTINCREASE 0 FREELISTS 1 FREELIST GROUPS 1 BUFFER_POOL DEFAULT FLASH_CACHE DEFAULT CELL_FLASH_CACHE DEFAULT)
  TABLESPACE "SYSTEM" ;
--------------------------------------------------------
--  DDL for Index MASTER_UK1
--------------------------------------------------------

  CREATE UNIQUE INDEX "CHIRAG"."MASTER_UK1" ON "CHIRAG"."MASTER" ("TID", "RID", "DID", "TIME_ID", "SUB_ID", "GROUP_ID", "LTP") 
  PCTFREE 10 INITRANS 2 MAXTRANS 255 COMPUTE STATISTICS 
  STORAGE(INITIAL 65536 NEXT 1048576 MINEXTENTS 1 MAXEXTENTS 2147483645
  PCTINCREASE 0 FREELISTS 1 FREELIST GROUPS 1 BUFFER_POOL DEFAULT FLASH_CACHE DEFAULT CELL_FLASH_CACHE DEFAULT)
  TABLESPACE "SYSTEM" ;
--------------------------------------------------------
--  DDL for Index LTP_PK
--------------------------------------------------------

  CREATE UNIQUE INDEX "CHIRAG"."LTP_PK" ON "CHIRAG"."LTP" ("ID") 
  PCTFREE 10 INITRANS 2 MAXTRANS 255 COMPUTE STATISTICS 
  STORAGE(INITIAL 65536 NEXT 1048576 MINEXTENTS 1 MAXEXTENTS 2147483645
  PCTINCREASE 0 FREELISTS 1 FREELIST GROUPS 1 BUFFER_POOL DEFAULT FLASH_CACHE DEFAULT CELL_FLASH_CACHE DEFAULT)
  TABLESPACE "SYSTEM" ;
--------------------------------------------------------
--  DDL for Index MASTER_PK
--------------------------------------------------------

  CREATE UNIQUE INDEX "CHIRAG"."MASTER_PK" ON "CHIRAG"."MASTER" ("KEY") 
  PCTFREE 10 INITRANS 2 MAXTRANS 255 COMPUTE STATISTICS 
  STORAGE(INITIAL 65536 NEXT 1048576 MINEXTENTS 1 MAXEXTENTS 2147483645
  PCTINCREASE 0 FREELISTS 1 FREELIST GROUPS 1 BUFFER_POOL DEFAULT FLASH_CACHE DEFAULT CELL_FLASH_CACHE DEFAULT)
  TABLESPACE "SYSTEM" ;
--------------------------------------------------------
--  DDL for Index TUTGROUPS_PK
--------------------------------------------------------

  CREATE UNIQUE INDEX "CHIRAG"."TUTGROUPS_PK" ON "CHIRAG"."TUTGROUPS" ("GROUPID") 
  PCTFREE 10 INITRANS 2 MAXTRANS 255 COMPUTE STATISTICS 
  STORAGE(INITIAL 65536 NEXT 1048576 MINEXTENTS 1 MAXEXTENTS 2147483645
  PCTINCREASE 0 FREELISTS 1 FREELIST GROUPS 1 BUFFER_POOL DEFAULT FLASH_CACHE DEFAULT CELL_FLASH_CACHE DEFAULT)
  TABLESPACE "SYSTEM" ;
--------------------------------------------------------
--  DDL for Index SUBJECT_INFO_PK
--------------------------------------------------------

  CREATE UNIQUE INDEX "CHIRAG"."SUBJECT_INFO_PK" ON "CHIRAG"."SUBJECT_INFO" ("SUBJECT_ID") 
  PCTFREE 10 INITRANS 2 MAXTRANS 255 COMPUTE STATISTICS 
  STORAGE(INITIAL 65536 NEXT 1048576 MINEXTENTS 1 MAXEXTENTS 2147483645
  PCTINCREASE 0 FREELISTS 1 FREELIST GROUPS 1 BUFFER_POOL DEFAULT FLASH_CACHE DEFAULT CELL_FLASH_CACHE DEFAULT)
  TABLESPACE "SYSTEM" ;
--------------------------------------------------------
--  DDL for Index AUTH_PK
--------------------------------------------------------

  CREATE UNIQUE INDEX "CHIRAG"."AUTH_PK" ON "CHIRAG"."AUTH" ("USER_ID") 
  PCTFREE 10 INITRANS 2 MAXTRANS 255 COMPUTE STATISTICS 
  STORAGE(INITIAL 65536 NEXT 1048576 MINEXTENTS 1 MAXEXTENTS 2147483645
  PCTINCREASE 0 FREELISTS 1 FREELIST GROUPS 1 BUFFER_POOL DEFAULT FLASH_CACHE DEFAULT CELL_FLASH_CACHE DEFAULT)
  TABLESPACE "SYSTEM" ;
--------------------------------------------------------
--  DDL for Index ROOM_PK
--------------------------------------------------------

  CREATE UNIQUE INDEX "CHIRAG"."ROOM_PK" ON "CHIRAG"."ROOM" ("ROOM_ID") 
  PCTFREE 10 INITRANS 2 MAXTRANS 255 COMPUTE STATISTICS 
  STORAGE(INITIAL 65536 NEXT 1048576 MINEXTENTS 1 MAXEXTENTS 2147483645
  PCTINCREASE 0 FREELISTS 1 FREELIST GROUPS 1 BUFFER_POOL DEFAULT FLASH_CACHE DEFAULT CELL_FLASH_CACHE DEFAULT)
  TABLESPACE "SYSTEM" ;
--------------------------------------------------------
--  DDL for Index TEACHER_RECORD_PK
--------------------------------------------------------

  CREATE UNIQUE INDEX "CHIRAG"."TEACHER_RECORD_PK" ON "CHIRAG"."TEACHER_RECORD" ("ID") 
  PCTFREE 10 INITRANS 2 MAXTRANS 255 COMPUTE STATISTICS 
  STORAGE(INITIAL 65536 NEXT 1048576 MINEXTENTS 1 MAXEXTENTS 2147483645
  PCTINCREASE 0 FREELISTS 1 FREELIST GROUPS 1 BUFFER_POOL DEFAULT FLASH_CACHE DEFAULT CELL_FLASH_CACHE DEFAULT)
  TABLESPACE "SYSTEM" ;
--------------------------------------------------------
--  DDL for Index DAY_PK
--------------------------------------------------------

  CREATE UNIQUE INDEX "CHIRAG"."DAY_PK" ON "CHIRAG"."DAY" ("DAY_ID") 
  PCTFREE 10 INITRANS 2 MAXTRANS 255 COMPUTE STATISTICS 
  STORAGE(INITIAL 65536 NEXT 1048576 MINEXTENTS 1 MAXEXTENTS 2147483645
  PCTINCREASE 0 FREELISTS 1 FREELIST GROUPS 1 BUFFER_POOL DEFAULT FLASH_CACHE DEFAULT CELL_FLASH_CACHE DEFAULT)
  TABLESPACE "SYSTEM" ;
--------------------------------------------------------
--  Constraints for Table LTP
--------------------------------------------------------

  ALTER TABLE "CHIRAG"."LTP" MODIFY ("ID" NOT NULL ENABLE);
  ALTER TABLE "CHIRAG"."LTP" ADD CONSTRAINT "LTP_PK" PRIMARY KEY ("ID")
  USING INDEX PCTFREE 10 INITRANS 2 MAXTRANS 255 COMPUTE STATISTICS 
  STORAGE(INITIAL 65536 NEXT 1048576 MINEXTENTS 1 MAXEXTENTS 2147483645
  PCTINCREASE 0 FREELISTS 1 FREELIST GROUPS 1 BUFFER_POOL DEFAULT FLASH_CACHE DEFAULT CELL_FLASH_CACHE DEFAULT)
  TABLESPACE "SYSTEM"  ENABLE;
--------------------------------------------------------
--  Constraints for Table SUBJECT_INFO
--------------------------------------------------------

  ALTER TABLE "CHIRAG"."SUBJECT_INFO" MODIFY ("SUBJECT_ID" NOT NULL ENABLE);
  ALTER TABLE "CHIRAG"."SUBJECT_INFO" ADD CONSTRAINT "SUBJECT_INFO_PK" PRIMARY KEY ("SUBJECT_ID")
  USING INDEX PCTFREE 10 INITRANS 2 MAXTRANS 255 COMPUTE STATISTICS 
  STORAGE(INITIAL 65536 NEXT 1048576 MINEXTENTS 1 MAXEXTENTS 2147483645
  PCTINCREASE 0 FREELISTS 1 FREELIST GROUPS 1 BUFFER_POOL DEFAULT FLASH_CACHE DEFAULT CELL_FLASH_CACHE DEFAULT)
  TABLESPACE "SYSTEM"  ENABLE;
--------------------------------------------------------
--  Constraints for Table TIMESLOTS
--------------------------------------------------------

  ALTER TABLE "CHIRAG"."TIMESLOTS" MODIFY ("TIME_ID" NOT NULL ENABLE);
  ALTER TABLE "CHIRAG"."TIMESLOTS" ADD CONSTRAINT "TIMESLOTS_PK" PRIMARY KEY ("TIME_ID")
  USING INDEX PCTFREE 10 INITRANS 2 MAXTRANS 255 COMPUTE STATISTICS 
  STORAGE(INITIAL 65536 NEXT 1048576 MINEXTENTS 1 MAXEXTENTS 2147483645
  PCTINCREASE 0 FREELISTS 1 FREELIST GROUPS 1 BUFFER_POOL DEFAULT FLASH_CACHE DEFAULT CELL_FLASH_CACHE DEFAULT)
  TABLESPACE "SYSTEM"  ENABLE;
  ALTER TABLE "CHIRAG"."TIMESLOTS" MODIFY ("END_TIME" NOT NULL ENABLE);
  ALTER TABLE "CHIRAG"."TIMESLOTS" MODIFY ("START_TIME" NOT NULL ENABLE);
--------------------------------------------------------
--  Constraints for Table TEACHER_RECORD
--------------------------------------------------------

  ALTER TABLE "CHIRAG"."TEACHER_RECORD" MODIFY ("ID" NOT NULL ENABLE);
  ALTER TABLE "CHIRAG"."TEACHER_RECORD" ADD CONSTRAINT "TEACHER_RECORD_PK" PRIMARY KEY ("ID")
  USING INDEX PCTFREE 10 INITRANS 2 MAXTRANS 255 COMPUTE STATISTICS 
  STORAGE(INITIAL 65536 NEXT 1048576 MINEXTENTS 1 MAXEXTENTS 2147483645
  PCTINCREASE 0 FREELISTS 1 FREELIST GROUPS 1 BUFFER_POOL DEFAULT FLASH_CACHE DEFAULT CELL_FLASH_CACHE DEFAULT)
  TABLESPACE "SYSTEM"  ENABLE;
--------------------------------------------------------
--  Constraints for Table DAY
--------------------------------------------------------

  ALTER TABLE "CHIRAG"."DAY" MODIFY ("DAY_ID" NOT NULL ENABLE);
  ALTER TABLE "CHIRAG"."DAY" ADD CONSTRAINT "DAY_PK" PRIMARY KEY ("DAY_ID")
  USING INDEX PCTFREE 10 INITRANS 2 MAXTRANS 255 COMPUTE STATISTICS 
  STORAGE(INITIAL 65536 NEXT 1048576 MINEXTENTS 1 MAXEXTENTS 2147483645
  PCTINCREASE 0 FREELISTS 1 FREELIST GROUPS 1 BUFFER_POOL DEFAULT FLASH_CACHE DEFAULT CELL_FLASH_CACHE DEFAULT)
  TABLESPACE "SYSTEM"  ENABLE;
--------------------------------------------------------
--  Constraints for Table MASTER
--------------------------------------------------------

  ALTER TABLE "CHIRAG"."MASTER" ADD CONSTRAINT "MASTER_UK1" UNIQUE ("TID", "RID", "DID", "TIME_ID", "SUB_ID", "GROUP_ID", "LTP")
  USING INDEX PCTFREE 10 INITRANS 2 MAXTRANS 255 COMPUTE STATISTICS 
  STORAGE(INITIAL 65536 NEXT 1048576 MINEXTENTS 1 MAXEXTENTS 2147483645
  PCTINCREASE 0 FREELISTS 1 FREELIST GROUPS 1 BUFFER_POOL DEFAULT FLASH_CACHE DEFAULT CELL_FLASH_CACHE DEFAULT)
  TABLESPACE "SYSTEM"  ENABLE;
  ALTER TABLE "CHIRAG"."MASTER" MODIFY ("KEY" NOT NULL ENABLE);
  ALTER TABLE "CHIRAG"."MASTER" ADD CONSTRAINT "MASTER_PK" PRIMARY KEY ("KEY") DISABLE;
--------------------------------------------------------
--  Constraints for Table AUTH
--------------------------------------------------------

  ALTER TABLE "CHIRAG"."AUTH" MODIFY ("USER_ID" NOT NULL ENABLE);
  ALTER TABLE "CHIRAG"."AUTH" ADD CONSTRAINT "AUTH_PK" PRIMARY KEY ("USER_ID")
  USING INDEX PCTFREE 10 INITRANS 2 MAXTRANS 255 COMPUTE STATISTICS 
  STORAGE(INITIAL 65536 NEXT 1048576 MINEXTENTS 1 MAXEXTENTS 2147483645
  PCTINCREASE 0 FREELISTS 1 FREELIST GROUPS 1 BUFFER_POOL DEFAULT FLASH_CACHE DEFAULT CELL_FLASH_CACHE DEFAULT)
  TABLESPACE "SYSTEM"  ENABLE;
--------------------------------------------------------
--  Constraints for Table ROOM
--------------------------------------------------------

  ALTER TABLE "CHIRAG"."ROOM" MODIFY ("ROOM_ID" NOT NULL ENABLE);
  ALTER TABLE "CHIRAG"."ROOM" ADD CONSTRAINT "ROOM_PK" PRIMARY KEY ("ROOM_ID")
  USING INDEX PCTFREE 10 INITRANS 2 MAXTRANS 255 COMPUTE STATISTICS 
  STORAGE(INITIAL 65536 NEXT 1048576 MINEXTENTS 1 MAXEXTENTS 2147483645
  PCTINCREASE 0 FREELISTS 1 FREELIST GROUPS 1 BUFFER_POOL DEFAULT FLASH_CACHE DEFAULT CELL_FLASH_CACHE DEFAULT)
  TABLESPACE "SYSTEM"  ENABLE;
--------------------------------------------------------
--  Constraints for Table TUTGROUPS
--------------------------------------------------------

  ALTER TABLE "CHIRAG"."TUTGROUPS" MODIFY ("GROUPID" NOT NULL ENABLE);
  ALTER TABLE "CHIRAG"."TUTGROUPS" ADD CONSTRAINT "TUTGROUPS_PK" PRIMARY KEY ("GROUPID")
  USING INDEX PCTFREE 10 INITRANS 2 MAXTRANS 255 COMPUTE STATISTICS 
  STORAGE(INITIAL 65536 NEXT 1048576 MINEXTENTS 1 MAXEXTENTS 2147483645
  PCTINCREASE 0 FREELISTS 1 FREELIST GROUPS 1 BUFFER_POOL DEFAULT FLASH_CACHE DEFAULT CELL_FLASH_CACHE DEFAULT)
  TABLESPACE "SYSTEM"  ENABLE;
--------------------------------------------------------
--  Ref Constraints for Table AUTH
--------------------------------------------------------

  ALTER TABLE "CHIRAG"."AUTH" ADD CONSTRAINT "AUTH_FK1" FOREIGN KEY ("TID")
	  REFERENCES "CHIRAG"."TEACHER_RECORD" ("ID") ENABLE;
--------------------------------------------------------
--  Ref Constraints for Table MASTER
--------------------------------------------------------

  ALTER TABLE "CHIRAG"."MASTER" ADD CONSTRAINT "MASTER_FK1" FOREIGN KEY ("RID")
	  REFERENCES "CHIRAG"."ROOM" ("ROOM_ID") ENABLE;
  ALTER TABLE "CHIRAG"."MASTER" ADD CONSTRAINT "MASTER_FK2" FOREIGN KEY ("DID")
	  REFERENCES "CHIRAG"."DAY" ("DAY_ID") ENABLE;
  ALTER TABLE "CHIRAG"."MASTER" ADD CONSTRAINT "MASTER_FK3" FOREIGN KEY ("TID")
	  REFERENCES "CHIRAG"."TEACHER_RECORD" ("ID") ENABLE;
  ALTER TABLE "CHIRAG"."MASTER" ADD CONSTRAINT "MASTER_FK4" FOREIGN KEY ("TIME_ID")
	  REFERENCES "CHIRAG"."TIMESLOTS" ("TIME_ID") ENABLE;
  ALTER TABLE "CHIRAG"."MASTER" ADD CONSTRAINT "MASTER_FK5" FOREIGN KEY ("SUB_ID")
	  REFERENCES "CHIRAG"."SUBJECT_INFO" ("SUBJECT_ID") ENABLE;
  ALTER TABLE "CHIRAG"."MASTER" ADD CONSTRAINT "MASTER_FK6" FOREIGN KEY ("LTP")
	  REFERENCES "CHIRAG"."LTP" ("ID") ENABLE;
  ALTER TABLE "CHIRAG"."MASTER" ADD CONSTRAINT "MASTER_FK7" FOREIGN KEY ("GROUP_ID")
	  REFERENCES "CHIRAG"."TUTGROUPS" ("GROUPID") ENABLE;
